# Made in Blockbench 5.1.6
mtllib sword.mtl

o cube
v 0.0234375 0.3125 0
v 0 0 0
v -0.0234375 0.3125 0
v 0 0.3125 -0.015625
v 0 0.3125 0.015625
v -0.03125 0.375 0
v 0 0.375 -0.0078125
v 0 0.375 0.0078125
v 0.03125 0.375 0
v -0.015625 0.375 -0.0078125
v -0.01171875 0.3125 -0.0078125
v 0.015625 0.375 -0.0078125
v 0.01171875 0.3125 -0.0078125
v -0.015625 0.375 0.0078125
v -0.01171875 0.3125 0.0078125
v 0.015625 0.375 0.0078125
v 0.01171875 0.3125 0.0078125
v 0.0234375 0.4140625 0
v 0.015625 0.4140625 0.0078125
v 0.015625 0.4140625 -0.0078125
v 0 0.4140625 0.0078125
v 0 0.4140625 -0.0078125
v -0.015625 0.4140625 -0.0078125
v -0.015625 0.4140625 0.0078125
v -0.0234375 0.4140625 0
v -0.03125 0.4453125 0
v -0.015625 0.4453125 0.0078125
v -0.015625 0.4453125 -0.0078125
v 0 0.4453125 0.015625
v 0 0.4453125 -0.015625
v 0.015625 0.4453125 -0.0078125
v 0.015625 0.4453125 0.0078125
v 0.03125 0.4453125 0
vt 0.3984375 0.4375
vt 0.3828125 0.4140625
vt 0.3984375 0.40625
vt 0.2695 0.40625
vt 0.26408125 0.71901875
vt 0.25 0.71901875
vt 0.04024375 0.62473125
vt 0.034825 0.9375
vt 0.02074375 0.9375
vt 0.4140625 0.4140625
vt 0.4140625 0.4296875
vt 0.3984375 0.4375
vt 0.16 0.59375
vt 0.1665375 0.9064975
vt 0.15245 0.9065475000000001
vt 0.38675 0.53125
vt 0.39216875 0.84401875
vt 0.37808125 0.84401875
vt 0.269404375 0.86608125
vt 0.283485 0.86622875
vt 0.27957875 0.92872875
vt 0.2622475 0.928621875
vt 0.53125 0.810561875
vt 0.515504375 0.8125
vt 0.5 0.751451875
vt 0.53125 0.7475756250000001
vt 0.125 0.43753062499999995
vt 0.1390875 0.43747562500000003
vt 0.14258125 0.5
vt 0.12958 0.499750625
vt 0.53125 0.623061875
vt 0.515504375 0.625
vt 0.5 0.563951875
vt 0.53125 0.5600756250000001
vt 0.15245 0.906553125
vt 0.1665375 0.906498125
vt 0.17003125 0.9690225
vt 0.15703 0.968773125
vt 0.020744375 0.9373525
vt 0.034825 0.9375
vt 0.03091875 1
vt 0.0135875 0.999893125
vt 0.29520375 0.92872875
vt 0.27957875 0.92872875
vt 0.283485 0.86622875
vt 0.29520375 0.86622875
vt 0.40625 0.84401875
vt 0.39216875 0.84401875
vt 0.38675 0.53125
vt 0.640625 0.75
vt 0.640625 0.734375
vt 0.65625 0.7265625
vt 0.04654375 1
vt 0.03091875 1
vt 0.034825 0.9375
vt 0.04654375 0.9375
vt 0.0489125 0.9375
vt 0.034825 0.9375
vt 0.04024375 0.62473125
vt 0.3984375 0.40625
vt 0.4140625 0.4140625
vt 0.3984375 0.4375
vt 0.16005 0.5
vt 0.14258125 0.5
vt 0.1390875 0.43747499999999995
vt 0.1530625 0.43742499999999995
vt 0.27816875 0.71901875
vt 0.26408125 0.71901875
vt 0.2695 0.40625
vt 0.625 0.7421875
vt 0.640625 0.734375
vt 0.640625 0.75
vt 0.1875 0.9690225
vt 0.17003125 0.9690225
vt 0.1665375 0.9064975
vt 0.1805125 0.9064475
vt 0.18061875 0.906446875
vt 0.1665375 0.9064975
vt 0.16 0.59375
vt 0.4296875 0.421875
vt 0.4140625 0.4296875
vt 0.4140625 0.4140625
vt 0.65625 0.97695
vt 0.630525 0.97695
vt 0.625 0.9375
vt 0.65625 0.93826875
vt 0.63605 0.625
vt 0.625 0.625
vt 0.625 0.59375
vt 0.641575 0.59375
vt 0.045225 0.46875
vt 0.0296 0.46875
vt 0.0296 0.4296875
vt 0.045225 0.4296875
vt 0.31082875 0.96779125
vt 0.29520375 0.96779125
vt 0.29520375 0.92872875
vt 0.31082875 0.92872875
vt 0.29520375 0.96779125
vt 0.27957875 0.96779125
vt 0.27957875 0.92872875
vt 0.29520375 0.92872875
vt 0.545225 0.96875
vt 0.5296 0.96875
vt 0.5296 0.9296875
vt 0.545225 0.9296875
vt 0.65625 0.875
vt 0.630525 0.875
vt 0.625 0.83555
vt 0.65625 0.83631875
vt 0.5242625 0.40625
vt 0.5132125 0.40625
vt 0.5132125 0.3671875
vt 0.5297875 0.3671875
vt 0.53125 1
vt 0.51378125 1
vt 0.52076875 0.96855625
vt 0.53125 0.96894375
vt 0.53125 0.4375
vt 0.51378125 0.4375
vt 0.51378125 0.40625
vt 0.5242625 0.40625
vt 0.54871875 1
vt 0.53125 1
vt 0.53125 0.96875
vt 0.545225 0.96875
vt 0.2986975 0.99904125
vt 0.28122875 0.99904125
vt 0.28122875 0.96779125
vt 0.29520375 0.96779125
vt 0.314136875 0.998105
vt 0.29677125 1
vt 0.296770625 0.96779125
vt 0.31082875 0.96779125
vt 0.04871875 0.5
vt 0.03125 0.5
vt 0.03125 0.46875
vt 0.045225 0.46875
vt 0.03125 0.5
vt 0.01378125 0.5
vt 0.02076875 0.46855625
vt 0.03125 0.46894375
vt 0.3315025 0.99621
vt 0.314136875 0.998105
vt 0.310746875 0.967039375
vt 0.32116625 0.9659025
vn 0 -1 0
vn -0.554220789426489 -0.04156655920698668 0.8313311841397335
vn 0.554220789426489 -0.04156655920698668 -0.8313311841397335
vn 0 -1 0
vn 0.554220789426489 -0.04156655920698668 0.8313311841397335
vn -0.554220789426489 -0.04156655920698668 -0.8313311841397335
vn 0.5543671429401896 0.03464794643376185 0.8315507144102845
vn -1 0 0
vn 0.5543671429401896 0.03464794643376185 -0.8315507144102845
vn -1 0 0
vn 0.5543671429401896 -0.03464794643376185 0.8315507144102845
vn 0.5543671429401896 -0.03464794643376185 -0.8315507144102845
vn 0 0 1
vn -0.554220789426489 -0.04156655920698668 -0.8313311841397335
vn 0 1 0
vn 0 0 -1
vn 0.554220789426489 -0.04156655920698668 -0.8313311841397335
vn 0 -1 0
vn 0.4470390049816901 0.02793993781135563 -0.8940780099633802
vn -0.554220789426489 -0.04156655920698668 0.8313311841397335
vn 0 1 0
vn 0.4470390049816901 -0.02793993781135563 0.8940780099633802
vn 0.554220789426489 -0.04156655920698668 0.8313311841397335
vn 0 -1 0
vn -0.7001400420140049 -0.140028008402801 -0.7001400420140049
vn -0.7071067811865476 0 0.7071067811865476
vn 0 0 -1
vn 0 0 1
vn 0 0 1
vn 0 0 1
vn -0.7001400420140049 0.140028008402801 0.7001400420140049
vn -0.7071067811865476 0 -0.7071067811865476
vn -0.4444444444444444 -0.1111111111111111 0.8888888888888888
vn -0.44721359549995804 0 -0.8944271909999161
vn -0.44721359549995804 0 0.8944271909999161
vn 0.44721359549995804 0 0.8944271909999161
vn -0.4364357804719848 0.2182178902359924 0.8728715609439696
vn -0.44721359549995804 0 -0.8944271909999161
vn -0.4444444444444444 0.1111111111111111 -0.8888888888888888
vn -0.44721359549995804 0 0.8944271909999161
usemtl m_09c46b01-eb73-998d-9a04-d68dfc4542b3
f 29/1/1 28/2/1 30/3/1
f 2/4/2 15/5/2 3/6/2
f 2/7/3 13/8/3 1/9/3
f 31/10/4 32/11/4 29/12/4
f 2/13/5 17/14/5 5/15/5
f 2/16/6 11/17/6 4/18/6
f 3/19/7 11/20/7 10/21/7 6/22/7
f 8/23/8 7/24/8 4/25/8 5/26/8
f 5/27/9 15/28/9 14/29/9 8/30/9
f 8/31/10 7/32/10 4/33/10 5/34/10
f 5/35/11 17/36/11 16/37/11 8/38/11
f 1/39/12 13/40/12 12/41/12 9/42/12
f 7/43/13 10/44/13 11/45/13 4/46/13
f 3/47/14 11/48/14 2/49/14
f 28/50/15 27/51/15 29/52/15
f 7/53/16 12/54/16 13/55/16 4/56/16
f 4/57/17 13/58/17 2/59/17
f 30/60/18 31/61/18 29/62/18
f 6/63/19 14/64/19 15/65/19 3/66/19
f 5/67/20 15/68/20 2/69/20
f 26/70/21 27/71/21 28/72/21
f 9/73/22 16/74/22 17/75/22 1/76/22
f 1/77/23 17/78/23 2/79/23
f 33/80/24 32/81/24 31/82/24
f 19/83/25 18/84/25 9/85/25 16/86/25
f 18/87/26 20/88/26 12/89/26 9/90/26
f 21/91/27 19/92/27 16/93/27 8/94/27
f 20/95/28 22/96/28 7/97/28 12/98/28
f 22/99/29 23/100/29 10/101/29 7/102/29
f 21/103/30 24/104/30 14/105/30 8/106/30
f 24/107/31 25/108/31 6/109/31 14/110/31
f 25/111/32 23/112/32 10/113/32 6/114/32
f 27/115/33 26/116/33 25/117/33 24/118/33
f 26/119/34 28/120/34 23/121/34 25/122/34
f 29/123/35 27/124/35 24/125/35 21/126/35
f 30/127/36 28/128/36 23/129/36 22/130/36
f 31/131/37 30/132/37 22/133/37 20/134/37
f 29/135/38 32/136/38 19/137/38 21/138/38
f 32/139/39 33/140/39 18/141/39 19/142/39
f 33/143/40 31/144/40 20/145/40 18/146/40
o sphere
v -0.03125 0.36834999999999996 0
v -0.03125 0.38415 0
v -0.030191875 0.38309187499999997 0.00395
v -0.029416875 0.3802 0.006841875
v -0.029133125 0.37625 0.0079
v -0.029416875 0.37229999999999996 0.006841875
v -0.030191875 0.369408125 0.00395
v -0.028358125 0.38309187499999997 0.002891875
v -0.026241874999999998 0.3802 0.005008125
v -0.025466875 0.37625 0.005783125
v -0.026241874999999998 0.37229999999999996 0.005008125
v -0.028358125 0.369408125 0.002891875
v -0.027299999999999998 0.38309187499999997 0.001058125
v -0.024408125 0.3802 0.001833125
v -0.02335 0.37625 0.002116875
v -0.024408125 0.37229999999999996 0.001833125
v -0.027299999999999998 0.369408125 0.001058125
v -0.027299999999999998 0.38309187499999997 -0.001058125
v -0.024408125 0.3802 -0.001833125
v -0.02335 0.37625 -0.002116875
v -0.024408125 0.37229999999999996 -0.001833125
v -0.027299999999999998 0.369408125 -0.001058125
v -0.028358125 0.38309187499999997 -0.002891875
v -0.026241874999999998 0.3802 -0.005008125
v -0.025466875 0.37625 -0.005783125
v -0.026241874999999998 0.37229999999999996 -0.005008125
v -0.028358125 0.369408125 -0.002891875
v -0.030191875 0.38309187499999997 -0.00395
v -0.029416875 0.3802 -0.006841875
v -0.029133125 0.37625 -0.0079
v -0.029416875 0.37229999999999996 -0.006841875
v -0.030191875 0.369408125 -0.00395
v -0.032308125 0.38309187499999997 -0.00395
v -0.033083125 0.3802 -0.006841875
v -0.033366875 0.37625 -0.0079
v -0.033083125 0.37229999999999996 -0.006841875
v -0.032308125 0.369408125 -0.00395
v -0.034141875 0.38309187499999997 -0.002891875
v -0.036258125 0.3802 -0.005008125
v -0.037033125 0.37625 -0.005783125
v -0.036258125 0.37229999999999996 -0.005008125
v -0.034141875 0.369408125 -0.002891875
v -0.0352 0.38309187499999997 -0.001058125
v -0.038091875 0.3802 -0.001833125
v -0.039150000000000004 0.37625 -0.002116875
v -0.038091875 0.37229999999999996 -0.001833125
v -0.0352 0.369408125 -0.001058125
v -0.0352 0.38309187499999997 0.001058125
v -0.038091875 0.3802 0.001833125
v -0.039150000000000004 0.37625 0.002116875
v -0.038091875 0.37229999999999996 0.001833125
v -0.0352 0.369408125 0.001058125
v -0.034141875 0.38309187499999997 0.002891875
v -0.036258125 0.3802 0.005008125
v -0.037033125 0.37625 0.005783125
v -0.036258125 0.37229999999999996 0.005008125
v -0.034141875 0.369408125 0.002891875
v -0.032308125 0.38309187499999997 0.00395
v -0.033083125 0.3802 0.006841875
v -0.033366875 0.37625 0.0079
v -0.033083125 0.37229999999999996 0.006841875
v -0.032308125 0.369408125 0.00395
vt 0 0.48234999999999995
vt 0.26795 0.48234999999999995
vt 0.133975 1
vt 0.098075 1
vt 0 0.48234999999999995
vt 0.4641 0.48234999999999995
vt 0.366025 1
vt 0.0359 1
vt 0 0.48234999999999995
vt 0.5359 0.48234999999999995
vt 0.5 1
vt 0 1
vt 0.0359 0.48234999999999995
vt 0.5 0.48234999999999995
vt 0.5359 1
vt 0 1
vt 0.098075 0.48234999999999995
vt 0.366025 0.48234999999999995
vt 0.4641 1
vt 0.26795 1
vt 0 1
vt 0.133975 0.48234999999999995
vt 0 0.48234999999999995
vt 0.26795 0.48234999999999995
vt 0.133975 1
vt 0.098075 1
vt 0 0.48234999999999995
vt 0.4641 0.48234999999999995
vt 0.366025 1
vt 0.0359 1
vt 0 0.48234999999999995
vt 0.5359 0.48234999999999995
vt 0.5 1
vt 0 1
vt 0.0359 0.48234999999999995
vt 0.5 0.48234999999999995
vt 0.5359 1
vt 0 1
vt 0.098075 0.48234999999999995
vt 0.366025 0.48234999999999995
vt 0.4641 1
vt 0.26795 1
vt 0 1
vt 0.133975 0.48234999999999995
vt 0 0.48234999999999995
vt 0.26795 0.48234999999999995
vt 0.133975 1
vt 0.098075 1
vt 0 0.48234999999999995
vt 0.4641 0.48234999999999995
vt 0.366025 1
vt 0.0359 1
vt 0 0.48234999999999995
vt 0.5359 0.48234999999999995
vt 0.5 1
vt 0 1
vt 0.0359 0.48234999999999995
vt 0.5 0.48234999999999995
vt 0.5359 1
vt 0 1
vt 0.098075 0.48234999999999995
vt 0.366025 0.48234999999999995
vt 0.4641 1
vt 0.26795 1
vt 0 1
vt 0.133975 0.48234999999999995
vt 0 0.48234999999999995
vt 0.26795 0.48234999999999995
vt 0.133975 1
vt 0.098075 1
vt 0 0.48234999999999995
vt 0.4641 0.48234999999999995
vt 0.366025 1
vt 0.0359 1
vt 0 0.48234999999999995
vt 0.5359 0.48234999999999995
vt 0.5 1
vt 0 1
vt 0.0359 0.48234999999999995
vt 0.5 0.48234999999999995
vt 0.5359 1
vt 0 1
vt 0.098075 0.48234999999999995
vt 0.366025 0.48234999999999995
vt 0.4641 1
vt 0.26795 1
vt 0 1
vt 0.133975 0.48234999999999995
vt 0 0.48234999999999995
vt 0.26795 0.48234999999999995
vt 0.133975 1
vt 0.098075 1
vt 0 0.48234999999999995
vt 0.4641 0.48234999999999995
vt 0.366025 1
vt 0.0359 1
vt 0 0.48234999999999995
vt 0.5359 0.48234999999999995
vt 0.5 1
vt 0 1
vt 0.0359 0.48234999999999995
vt 0.5 0.48234999999999995
vt 0.5359 1
vt 0 1
vt 0.098075 0.48234999999999995
vt 0.366025 0.48234999999999995
vt 0.4641 1
vt 0.26795 1
vt 0 1
vt 0.133975 0.48234999999999995
vt 0 0.48234999999999995
vt 0.26795 0.48234999999999995
vt 0.133975 1
vt 0.098075 1
vt 0 0.48234999999999995
vt 0.4641 0.48234999999999995
vt 0.366025 1
vt 0.0359 1
vt 0 0.48234999999999995
vt 0.5359 0.48234999999999995
vt 0.5 1
vt 0 1
vt 0.0359 0.48234999999999995
vt 0.5 0.48234999999999995
vt 0.5359 1
vt 0 1
vt 0.098075 0.48234999999999995
vt 0.366025 0.48234999999999995
vt 0.4641 1
vt 0.26795 1
vt 0 1
vt 0.133975 0.48234999999999995
vt 0 0.48234999999999995
vt 0.26795 0.48234999999999995
vt 0.133975 1
vt 0.098075 1
vt 0 0.48234999999999995
vt 0.4641 0.48234999999999995
vt 0.366025 1
vt 0.0359 1
vt 0 0.48234999999999995
vt 0.5359 0.48234999999999995
vt 0.5 1
vt 0 1
vt 0.0359 0.48234999999999995
vt 0.5 0.48234999999999995
vt 0.5359 1
vt 0 1
vt 0.098075 0.48234999999999995
vt 0.366025 0.48234999999999995
vt 0.4641 1
vt 0.26795 1
vt 0 1
vt 0.133975 0.48234999999999995
vt 0 0.48234999999999995
vt 0.26795 0.48234999999999995
vt 0.133975 1
vt 0.098075 1
vt 0 0.48234999999999995
vt 0.4641 0.48234999999999995
vt 0.366025 1
vt 0.0359 1
vt 0 0.48234999999999995
vt 0.5359 0.48234999999999995
vt 0.5 1
vt 0 1
vt 0.0359 0.48234999999999995
vt 0.5 0.48234999999999995
vt 0.5359 1
vt 0 1
vt 0.098075 0.48234999999999995
vt 0.366025 0.48234999999999995
vt 0.4641 1
vt 0.26795 1
vt 0 1
vt 0.133975 0.48234999999999995
vt 0 0.48234999999999995
vt 0.26795 0.48234999999999995
vt 0.133975 1
vt 0.098075 1
vt 0 0.48234999999999995
vt 0.4641 0.48234999999999995
vt 0.366025 1
vt 0.0359 1
vt 0 0.48234999999999995
vt 0.5359 0.48234999999999995
vt 0.5 1
vt 0 1
vt 0.0359 0.48234999999999995
vt 0.5 0.48234999999999995
vt 0.5359 1
vt 0 1
vt 0.098075 0.48234999999999995
vt 0.366025 0.48234999999999995
vt 0.4641 1
vt 0.26795 1
vt 0 1
vt 0.133975 0.48234999999999995
vt 0 0.48234999999999995
vt 0.26795 0.48234999999999995
vt 0.133975 1
vt 0.098075 1
vt 0 0.48234999999999995
vt 0.4641 0.48234999999999995
vt 0.366025 1
vt 0.0359 1
vt 0 0.48234999999999995
vt 0.5359 0.48234999999999995
vt 0.5 1
vt 0 1
vt 0.0359 0.48234999999999995
vt 0.5 0.48234999999999995
vt 0.5359 1
vt 0 1
vt 0.098075 0.48234999999999995
vt 0.366025 0.48234999999999995
vt 0.4641 1
vt 0.26795 1
vt 0 1
vt 0.133975 0.48234999999999995
vt 0 0.48234999999999995
vt 0.26795 0.48234999999999995
vt 0.133975 1
vt 0.098075 1
vt 0 0.48234999999999995
vt 0.4641 0.48234999999999995
vt 0.366025 1
vt 0.0359 1
vt 0 0.48234999999999995
vt 0.5359 0.48234999999999995
vt 0.5 1
vt 0 1
vt 0.0359 0.48234999999999995
vt 0.5 0.48234999999999995
vt 0.5359 1
vt 0 1
vt 0.098075 0.48234999999999995
vt 0.366025 0.48234999999999995
vt 0.4641 1
vt 0.26795 1
vt 0 1
vt 0.133975 0.48234999999999995
vt 0 0.48234999999999995
vt 0.26795 0.48234999999999995
vt 0.133975 1
vt 0.098075 1
vt 0 0.48234999999999995
vt 0.4641 0.48234999999999995
vt 0.366025 1
vt 0.0359 1
vt 0 0.48234999999999995
vt 0.5359 0.48234999999999995
vt 0.5 1
vt 0 1
vt 0.0359 0.48234999999999995
vt 0.5 0.48234999999999995
vt 0.5359 1
vt 0 1
vt 0.098075 0.48234999999999995
vt 0.366025 0.48234999999999995
vt 0.4641 1
vt 0.26795 1
vt 0 1
vt 0.133975 0.48234999999999995
vn 0.12932042049200332 0.9659445374939648 0.2241146566589117
vn 0.3536528842148803 0.707099551944335 0.6123233305424652
vn 0.4829962937093285 0.2587800937108809 0.836509081458199
vn 0.4831001694731055 -0.25877214536725457 0.8364515545069453
vn 0.353390082431769 -0.7071372762395896 0.6124314836708854
vn 0.12932042049200335 -0.9659445374939648 0.22411465665891173
vn 0.22411465665891173 0.9659445374939648 0.12932042049200335
vn 0.6124126233352294 0.7069964190374063 0.3537044560758981
vn 0.8364852218896814 0.2588829108556299 0.4829825173099815
vn 0.8364240071913708 -0.2588908624072821 0.4830842592715513
vn 0.6125861585384583 -0.706958668306483 0.3534793341532415
vn 0.2241146566589117 -0.9659445374939648 0.12932042049200332
vn 0.25875645763904925 0.9659425943761311 0
vn 0.7071067811865476 0.7071067811865476 0
vn 0.9659425943761312 0.2587564576390493 0
vn 0.9659425943761313 -0.25875645763904925 0
vn 0.7071067811865476 -0.7071067811865476 0
vn 0.25875645763904925 -0.9659425943761311 0
vn 0.2241146566589117 0.9659445374939648 -0.12932042049200332
vn 0.6123233305424652 0.707099551944335 -0.3536528842148803
vn 0.836509081458199 0.2587800937108809 -0.4829962937093285
vn 0.8364515545069453 -0.25877214536725457 -0.4831001694731055
vn 0.6124314836708854 -0.7071372762395896 -0.353390082431769
vn 0.22411465665891173 -0.9659445374939648 -0.12932042049200335
vn 0.12932042049200335 0.9659445374939648 -0.22411465665891173
vn 0.3537044560758981 0.7069964190374062 -0.6124126233352294
vn 0.4829825173099815 0.2588829108556299 -0.8364852218896814
vn 0.4830842592715513 -0.2588908624072821 -0.8364240071913708
vn 0.3534793341532415 -0.706958668306483 -0.6125861585384583
vn 0.12932042049200332 -0.9659445374939648 -0.2241146566589117
vn 0 0.9659425943761311 -0.25875645763904925
vn 0 0.7071067811865476 -0.7071067811865476
vn 0 0.2587564576390493 -0.9659425943761312
vn 0 -0.25875645763904925 -0.9659425943761313
vn 0 -0.7071067811865476 -0.7071067811865476
vn 0 -0.9659425943761311 -0.25875645763904925
vn -0.12932042049200332 0.9659445374939648 -0.2241146566589117
vn -0.3536528842148803 0.707099551944335 -0.6123233305424652
vn -0.4829962937093285 0.2587800937108809 -0.836509081458199
vn -0.4831001694731055 -0.25877214536725457 -0.8364515545069453
vn -0.353390082431769 -0.7071372762395896 -0.6124314836708854
vn -0.12932042049200335 -0.9659445374939648 -0.22411465665891173
vn -0.22411465665891173 0.9659445374939648 -0.12932042049200335
vn -0.6124126233352294 0.7069964190374063 -0.3537044560758981
vn -0.8364852218896814 0.2588829108556299 -0.4829825173099815
vn -0.8364240071913708 -0.2588908624072821 -0.4830842592715513
vn -0.6125861585384583 -0.706958668306483 -0.3534793341532415
vn -0.2241146566589117 -0.9659445374939648 -0.12932042049200332
vn -0.25875645763904925 0.9659425943761311 0
vn -0.7071067811865476 0.7071067811865476 0
vn -0.9659425943761312 0.2587564576390493 0
vn -0.9659425943761313 -0.25875645763904925 0
vn -0.7071067811865476 -0.7071067811865476 0
vn -0.25875645763904925 -0.9659425943761311 0
vn -0.2241146566589117 0.9659445374939648 0.12932042049200332
vn -0.6123233305424652 0.707099551944335 0.3536528842148803
vn -0.836509081458199 0.2587800937108809 0.4829962937093285
vn -0.8364515545069453 -0.25877214536725457 0.4831001694731055
vn -0.6124314836708854 -0.7071372762395896 0.353390082431769
vn -0.22411465665891173 -0.9659445374939648 0.12932042049200335
vn -0.12932042049200335 0.9659445374939648 0.22411465665891173
vn -0.3537044560758981 0.7069964190374062 0.6124126233352294
vn -0.4829825173099815 0.2588829108556299 0.8364852218896814
vn -0.4830842592715513 -0.2588908624072821 0.8364240071913708
vn -0.3534793341532415 -0.706958668306483 0.6125861585384583
vn -0.12932042049200332 -0.9659445374939648 0.2241146566589117
vn 0 0.9659425943761311 0.25875645763904925
vn 0 0.7071067811865476 0.7071067811865476
vn 0 0.2587564576390493 0.9659425943761312
vn 0 -0.25875645763904925 0.9659425943761313
vn 0 -0.7071067811865476 0.7071067811865476
vn 0 -0.9659425943761311 0.25875645763904925
usemtl m_450da42b-caa7-0ed3-aa92-23a794ce10cf
f 36/147/41 41/148/41 35/149/41
f 36/150/42 37/151/42 42/152/42 41/153/42
f 37/154/43 38/155/43 43/156/43 42/157/43
f 38/158/44 39/159/44 44/160/44 43/161/44
f 39/162/45 40/163/45 45/164/45 44/165/45
f 45/166/46 40/167/46 34/168/46
f 41/169/47 46/170/47 35/171/47
f 41/172/48 42/173/48 47/174/48 46/175/48
f 42/176/49 43/177/49 48/178/49 47/179/49
f 43/180/50 44/181/50 49/182/50 48/183/50
f 44/184/51 45/185/51 50/186/51 49/187/51
f 50/188/52 45/189/52 34/190/52
f 46/191/53 51/192/53 35/193/53
f 46/194/54 47/195/54 52/196/54 51/197/54
f 47/198/55 48/199/55 53/200/55 52/201/55
f 48/202/56 49/203/56 54/204/56 53/205/56
f 49/206/57 50/207/57 55/208/57 54/209/57
f 55/210/58 50/211/58 34/212/58
f 51/213/59 56/214/59 35/215/59
f 51/216/60 52/217/60 57/218/60 56/219/60
f 52/220/61 53/221/61 58/222/61 57/223/61
f 53/224/62 54/225/62 59/226/62 58/227/62
f 54/228/63 55/229/63 60/230/63 59/231/63
f 60/232/64 55/233/64 34/234/64
f 56/235/65 61/236/65 35/237/65
f 56/238/66 57/239/66 62/240/66 61/241/66
f 57/242/67 58/243/67 63/244/67 62/245/67
f 58/246/68 59/247/68 64/248/68 63/249/68
f 59/250/69 60/251/69 65/252/69 64/253/69
f 65/254/70 60/255/70 34/256/70
f 61/257/71 66/258/71 35/259/71
f 61/260/72 62/261/72 67/262/72 66/263/72
f 62/264/73 63/265/73 68/266/73 67/267/73
f 63/268/74 64/269/74 69/270/74 68/271/74
f 64/272/75 65/273/75 70/274/75 69/275/75
f 70/276/76 65/277/76 34/278/76
f 66/279/77 71/280/77 35/281/77
f 66/282/78 67/283/78 72/284/78 71/285/78
f 67/286/79 68/287/79 73/288/79 72/289/79
f 68/290/80 69/291/80 74/292/80 73/293/80
f 69/294/81 70/295/81 75/296/81 74/297/81
f 75/298/82 70/299/82 34/300/82
f 71/301/83 76/302/83 35/303/83
f 71/304/84 72/305/84 77/306/84 76/307/84
f 72/308/85 73/309/85 78/310/85 77/311/85
f 73/312/86 74/313/86 79/314/86 78/315/86
f 74/316/87 75/317/87 80/318/87 79/319/87
f 80/320/88 75/321/88 34/322/88
f 76/323/89 81/324/89 35/325/89
f 76/326/90 77/327/90 82/328/90 81/329/90
f 77/330/91 78/331/91 83/332/91 82/333/91
f 78/334/92 79/335/92 84/336/92 83/337/92
f 79/338/93 80/339/93 85/340/93 84/341/93
f 85/342/94 80/343/94 34/344/94
f 81/345/95 86/346/95 35/347/95
f 81/348/96 82/349/96 87/350/96 86/351/96
f 82/352/97 83/353/97 88/354/97 87/355/97
f 83/356/98 84/357/98 89/358/98 88/359/98
f 84/360/99 85/361/99 90/362/99 89/363/99
f 90/364/100 85/365/100 34/366/100
f 86/367/101 91/368/101 35/369/101
f 86/370/102 87/371/102 92/372/102 91/373/102
f 87/374/103 88/375/103 93/376/103 92/377/103
f 88/378/104 89/379/104 94/380/104 93/381/104
f 89/382/105 90/383/105 95/384/105 94/385/105
f 95/386/106 90/387/106 34/388/106
f 91/389/107 36/390/107 35/391/107
f 91/392/108 92/393/108 37/394/108 36/395/108
f 92/396/109 93/397/109 38/398/109 37/399/109
f 93/400/110 94/401/110 39/402/110 38/403/110
f 94/404/111 95/405/111 40/406/111 39/407/111
f 40/408/112 95/409/112 34/410/112
o sphere
v -0.03125 0.43084999999999996 0
v -0.03125 0.44665 0
v -0.030191875 0.44559187499999997 0.00395
v -0.029416875 0.4427 0.006841875
v -0.029133125 0.43875 0.0079
v -0.029416875 0.43479999999999996 0.006841875
v -0.030191875 0.431908125 0.00395
v -0.028358125 0.44559187499999997 0.002891875
v -0.026241874999999998 0.4427 0.005008125
v -0.025466875 0.43875 0.005783125
v -0.026241874999999998 0.43479999999999996 0.005008125
v -0.028358125 0.431908125 0.002891875
v -0.027299999999999998 0.44559187499999997 0.001058125
v -0.024408125 0.4427 0.001833125
v -0.02335 0.43875 0.002116875
v -0.024408125 0.43479999999999996 0.001833125
v -0.027299999999999998 0.431908125 0.001058125
v -0.027299999999999998 0.44559187499999997 -0.001058125
v -0.024408125 0.4427 -0.001833125
v -0.02335 0.43875 -0.002116875
v -0.024408125 0.43479999999999996 -0.001833125
v -0.027299999999999998 0.431908125 -0.001058125
v -0.028358125 0.44559187499999997 -0.002891875
v -0.026241874999999998 0.4427 -0.005008125
v -0.025466875 0.43875 -0.005783125
v -0.026241874999999998 0.43479999999999996 -0.005008125
v -0.028358125 0.431908125 -0.002891875
v -0.030191875 0.44559187499999997 -0.00395
v -0.029416875 0.4427 -0.006841875
v -0.029133125 0.43875 -0.0079
v -0.029416875 0.43479999999999996 -0.006841875
v -0.030191875 0.431908125 -0.00395
v -0.032308125 0.44559187499999997 -0.00395
v -0.033083125 0.4427 -0.006841875
v -0.033366875 0.43875 -0.0079
v -0.033083125 0.43479999999999996 -0.006841875
v -0.032308125 0.431908125 -0.00395
v -0.034141875 0.44559187499999997 -0.002891875
v -0.036258125 0.4427 -0.005008125
v -0.037033125 0.43875 -0.005783125
v -0.036258125 0.43479999999999996 -0.005008125
v -0.034141875 0.431908125 -0.002891875
v -0.0352 0.44559187499999997 -0.001058125
v -0.038091875 0.4427 -0.001833125
v -0.039150000000000004 0.43875 -0.002116875
v -0.038091875 0.43479999999999996 -0.001833125
v -0.0352 0.431908125 -0.001058125
v -0.0352 0.44559187499999997 0.001058125
v -0.038091875 0.4427 0.001833125
v -0.039150000000000004 0.43875 0.002116875
v -0.038091875 0.43479999999999996 0.001833125
v -0.0352 0.431908125 0.001058125
v -0.034141875 0.44559187499999997 0.002891875
v -0.036258125 0.4427 0.005008125
v -0.037033125 0.43875 0.005783125
v -0.036258125 0.43479999999999996 0.005008125
v -0.034141875 0.431908125 0.002891875
v -0.032308125 0.44559187499999997 0.00395
v -0.033083125 0.4427 0.006841875
v -0.033366875 0.43875 0.0079
v -0.033083125 0.43479999999999996 0.006841875
v -0.032308125 0.431908125 0.00395
vt 0.5333625 0.98347125
vt 0.53705875 0.9855175
vt 0.53125 0.99164625
vt 0.0353025 0.7490187500000001
vt 0.0349125 0.7407075000000001
vt 0.042165 0.7417325
vt 0.03948625 0.74961
vt 0.0349125 0.7407075000000001
vt 0.0354875 0.7325325
vt 0.04387875 0.73371875
vt 0.042165 0.7417325
vt 0.0354875 0.7325325
vt 0.03720125 0.72451875
vt 0.04445375 0.7255437499999999
vt 0.04387875 0.73371875
vt 0.03598625 0.96193125
vt 0.0333825 0.95402875
vt 0.0370775 0.9519825
vt 0.042395 0.9583825
vt 0.0370775 0.9519825
vt 0.0333825 0.95402875
vt 0.03127 0.94585375
vt 0.53705875 0.9855175
vt 0.5393 0.98909875
vt 0.53125 0.99164625
vt 0.53705875 0.9855175
vt 0.543165 0.97986625
vt 0.5470525 0.986075
vt 0.5393 0.98909875
vt 0.270335 0.7417325
vt 0.26862125 0.73371875
vt 0.2770125 0.7325325
vt 0.2775875 0.7407075000000001
vt 0.26862125 0.73371875
vt 0.26804625 0.7255437499999999
vt 0.27529875 0.72451875
vt 0.2770125 0.7325325
vt 0.043185 0.95763375
vt 0.0370775 0.9519825
vt 0.03932 0.94840125
vt 0.04707125 0.951425
vt 0.03932 0.94840125
vt 0.0370775 0.9519825
vt 0.03127 0.94585375
vt 0.5393 0.98909875
vt 0.53952625 0.99331875
vt 0.53125 0.99164625
vt 0.28119375 0.75
vt 0.2777875 0.7424087500000001
vt 0.2849125 0.7407075000000001
vt 0.2853025 0.7490187500000001
vt 0.2775875 0.7407075000000001
vt 0.2770125 0.7325325
vt 0.2854875 0.7325325
vt 0.2849125 0.7407075000000001
vt 0.277345 0.73018375
vt 0.28016375 0.7224875
vt 0.28720125 0.72451875
vt 0.2854875 0.7325325
vt 0.2775875 0.5
vt 0.2791375 0.4375
vt 0.2833625 0.4375
vt 0.2849125 0.5
vt 0.03954625 0.94418125
vt 0.03932 0.94840125
vt 0.03127 0.94585375
vt 0.53952625 0.99331875
vt 0.53768 0.99711875
vt 0.53125 0.99164625
vt 0.2853025 0.7490187500000001
vt 0.2849125 0.7407075000000001
vt 0.292165 0.7417325
vt 0.28948625 0.74961
vt 0.2849125 0.7407075000000001
vt 0.2854875 0.7325325
vt 0.29387875 0.73371875
vt 0.292165 0.7417325
vt 0.2854875 0.7325325
vt 0.28720125 0.72451875
vt 0.29445375 0.7255437499999999
vt 0.29387875 0.73371875
vt 0.51540875 0.44242875000000004
vt 0.5221125 0.4375
vt 0.52520625 0.44037875000000004
vt 0.52077125 0.44741875
vt 0.0377 0.94038125
vt 0.03954625 0.94418125
vt 0.03127 0.94585375
vt 0.53768 0.99711875
vt 0.53422375 0.99954875
vt 0.53125 0.99164625
vt 0.27301375 0.99961
vt 0.270335 0.9917325
vt 0.2775875 0.9907075
vt 0.2771975 0.99901875
vt 0.270335 0.9917325
vt 0.26862125 0.98371875
vt 0.2770125 0.9825325
vt 0.2775875 0.9907075
vt 0.26862125 0.98371875
vt 0.26804625 0.97554375
vt 0.27529875 0.97451875
vt 0.2770125 0.9825325
vt 0.52077125 0.44741875
vt 0.52520625 0.44037875000000004
vt 0.5291375 0.441925
vt 0.5275875 0.45009999999999994
vt 0.03424375 0.93795125
vt 0.0377 0.94038125
vt 0.03127 0.94585375
vt 0.5324775 1
vt 0.52827625 0.99954875
vt 0.53125 0.99164625
vt 0.28119375 1
vt 0.2777875 0.99240875
vt 0.2849125 0.9907075
vt 0.2853025 0.99901875
vt 0.2775875 0.9907075
vt 0.2770125 0.9825325
vt 0.2854875 0.9825325
vt 0.2849125 0.9907075
vt 0.277345 0.98018375
vt 0.28016375 0.9724875
vt 0.28720125 0.97451875
vt 0.2854875 0.9825325
vt 0.5275875 0.45009999999999994
vt 0.5291375 0.441925
vt 0.5333625 0.441925
vt 0.5349125 0.45009999999999994
vt 0.0300425 0.9375
vt 0.03424375 0.93795125
vt 0.03127 0.94585375
vt 0.52827625 0.99954875
vt 0.52482 0.99711875
vt 0.53125 0.99164625
vt 0.2853025 0.99901875
vt 0.2849125 0.9907075
vt 0.292165 0.9917325
vt 0.28948625 0.99961
vt 0.2849125 0.9907075
vt 0.2854875 0.9825325
vt 0.29387875 0.98371875
vt 0.292165 0.9917325
vt 0.2854875 0.9825325
vt 0.28720125 0.97451875
vt 0.29445375 0.97554375
vt 0.29387875 0.98371875
vt 0.5349125 0.45009999999999994
vt 0.5333625 0.441925
vt 0.53729375 0.44037875000000004
vt 0.54172875 0.44741875
vt 0.02614875 0.93914
vt 0.0300425 0.9375
vt 0.03127 0.94585375
vt 0.52482 0.99711875
vt 0.52297375 0.99331875
vt 0.53125 0.99164625
vt 0.02301375 0.49961
vt 0.020335 0.4917325
vt 0.0275875 0.49070749999999996
vt 0.0271975 0.49901874999999996
vt 0.020335 0.4917325
vt 0.01862125 0.48371875
vt 0.0270125 0.48253250000000003
vt 0.0275875 0.49070749999999996
vt 0.01862125 0.48371875
vt 0.01804625 0.47554375000000004
vt 0.02529875 0.47451875
vt 0.0270125 0.48253250000000003
vt 0.54172875 0.44741875
vt 0.53729375 0.44037875000000004
vt 0.5403875 0.4375
vt 0.54709125 0.44242875000000004
vt 0.02082125 0.9455875
vt 0.02162 0.94143875
vt 0.02924875 0.9450587500000001
vt 0.52297375 0.99331875
vt 0.5232 0.98909875
vt 0.53125 0.99164625
vt 0.0271975 0.49901874999999996
vt 0.0275875 0.49070749999999996
vt 0.0347125 0.49240874999999995
vt 0.03130625 0.5
vt 0.0275875 0.49070749999999996
vt 0.0270125 0.48253250000000003
vt 0.0354875 0.48253250000000003
vt 0.0349125 0.49070749999999996
vt 0.027345 0.48018375
vt 0.03016375 0.47248749999999995
vt 0.03720125 0.47451875
vt 0.0354875 0.48253250000000003
vt 0.5275875 0.75
vt 0.5291375 0.6875
vt 0.5333625 0.6875
vt 0.5349125 0.75
vt 0.0221325 0.94960375
vt 0.02082125 0.9455875
vt 0.02924875 0.9450587500000001
vt 0.5232 0.98909875
vt 0.52544125 0.9855175
vt 0.53125 0.99164625
vt 0.5232 0.98909875
vt 0.5154475 0.986075
vt 0.519335 0.97986625
vt 0.52544125 0.9855175
vt 0.0349125 0.49070749999999996
vt 0.0354875 0.48253250000000003
vt 0.04387875 0.48371875
vt 0.042165 0.4917325
vt 0.0354875 0.48253250000000003
vt 0.03720125 0.47451875
vt 0.04445375 0.47554375000000004
vt 0.04387875 0.48371875
vt 0.01542875 0.9545325
vt 0.0221325 0.94960375
vt 0.025225 0.9524825
vt 0.02079 0.9595225000000001
vt 0.025225 0.9524825
vt 0.0221325 0.94960375
vt 0.02924875 0.9450587500000001
vt 0.52544125 0.9855175
vt 0.5291375 0.98347125
vt 0.53125 0.99164625
vt 0.02301375 0.74961
vt 0.020335 0.7417325
vt 0.0275875 0.7407075000000001
vt 0.0271975 0.7490187500000001
vt 0.020335 0.7417325
vt 0.01862125 0.73371875
vt 0.0270125 0.7325325
vt 0.0275875 0.7407075000000001
vt 0.01862125 0.73371875
vt 0.01804625 0.7255437499999999
vt 0.02529875 0.72451875
vt 0.0270125 0.7325325
vt 0.02079 0.9595225000000001
vt 0.025225 0.9524825
vt 0.0291575 0.95402875
vt 0.0276075 0.96220375
vt 0.0291575 0.95402875
vt 0.025225 0.9524825
vt 0.03018375 0.9456475
vt 0.5291375 0.98347125
vt 0.5333625 0.98347125
vt 0.53125 0.99164625
vt 0.03119375 0.75
vt 0.0277875 0.7424087500000001
vt 0.0349125 0.7407075000000001
vt 0.0353025 0.7490187500000001
vt 0.0275875 0.7407075000000001
vt 0.0270125 0.7325325
vt 0.0354875 0.7325325
vt 0.0349125 0.7407075000000001
vt 0.027345 0.73018375
vt 0.03016375 0.7224875
vt 0.03720125 0.72451875
vt 0.0354875 0.7325325
vt 0.0276075 0.96220375
vt 0.0291575 0.95402875
vt 0.0333825 0.95402875
vt 0.0349325 0.96220375
vt 0.0333825 0.95402875
vt 0.0291575 0.95402875
vt 0.03127 0.94585375
vn 0.12932042049200332 0.9659445374939648 0.2241146566589117
vn 0.3536528842148803 0.707099551944335 0.6123233305424652
vn 0.4829962937093285 0.2587800937108809 0.836509081458199
vn 0.4831001694731055 -0.25877214536725457 0.8364515545069453
vn 0.353390082431769 -0.7071372762395896 0.6124314836708854
vn 0.12932042049200335 -0.9659445374939648 0.22411465665891173
vn 0.22411465665891173 0.9659445374939648 0.12932042049200335
vn 0.6124126233352294 0.7069964190374063 0.3537044560758981
vn 0.8364852218896814 0.2588829108556299 0.4829825173099815
vn 0.8364240071913708 -0.2588908624072821 0.4830842592715513
vn 0.6125861585384583 -0.706958668306483 0.3534793341532415
vn 0.2241146566589117 -0.9659445374939648 0.12932042049200332
vn 0.25875645763904925 0.9659425943761311 0
vn 0.7071067811865476 0.7071067811865476 0
vn 0.9659425943761312 0.2587564576390493 0
vn 0.9659425943761313 -0.25875645763904925 0
vn 0.7071067811865476 -0.7071067811865476 0
vn 0.25875645763904925 -0.9659425943761311 0
vn 0.2241146566589117 0.9659445374939648 -0.12932042049200332
vn 0.6123233305424652 0.707099551944335 -0.3536528842148803
vn 0.836509081458199 0.2587800937108809 -0.4829962937093285
vn 0.8364515545069453 -0.25877214536725457 -0.4831001694731055
vn 0.6124314836708854 -0.7071372762395896 -0.353390082431769
vn 0.22411465665891173 -0.9659445374939648 -0.12932042049200335
vn 0.12932042049200335 0.9659445374939648 -0.22411465665891173
vn 0.3537044560758981 0.7069964190374062 -0.6124126233352294
vn 0.4829825173099815 0.2588829108556299 -0.8364852218896814
vn 0.4830842592715513 -0.2588908624072821 -0.8364240071913708
vn 0.3534793341532415 -0.706958668306483 -0.6125861585384583
vn 0.12932042049200332 -0.9659445374939648 -0.2241146566589117
vn 0 0.9659425943761311 -0.25875645763904925
vn 0 0.7071067811865476 -0.7071067811865476
vn 0 0.2587564576390493 -0.9659425943761312
vn 0 -0.25875645763904925 -0.9659425943761313
vn 0 -0.7071067811865476 -0.7071067811865476
vn 0 -0.9659425943761311 -0.25875645763904925
vn -0.12932042049200332 0.9659445374939648 -0.2241146566589117
vn -0.3536528842148803 0.707099551944335 -0.6123233305424652
vn -0.4829962937093285 0.2587800937108809 -0.836509081458199
vn -0.4831001694731055 -0.25877214536725457 -0.8364515545069453
vn -0.353390082431769 -0.7071372762395896 -0.6124314836708854
vn -0.12932042049200335 -0.9659445374939648 -0.22411465665891173
vn -0.22411465665891173 0.9659445374939648 -0.12932042049200335
vn -0.6124126233352294 0.7069964190374063 -0.3537044560758981
vn -0.8364852218896814 0.2588829108556299 -0.4829825173099815
vn -0.8364240071913708 -0.2588908624072821 -0.4830842592715513
vn -0.6125861585384583 -0.706958668306483 -0.3534793341532415
vn -0.2241146566589117 -0.9659445374939648 -0.12932042049200332
vn -0.25875645763904925 0.9659425943761311 0
vn -0.7071067811865476 0.7071067811865476 0
vn -0.9659425943761312 0.2587564576390493 0
vn -0.9659425943761313 -0.25875645763904925 0
vn -0.7071067811865476 -0.7071067811865476 0
vn -0.25875645763904925 -0.9659425943761311 0
vn -0.2241146566589117 0.9659445374939648 0.12932042049200332
vn -0.6123233305424652 0.707099551944335 0.3536528842148803
vn -0.836509081458199 0.2587800937108809 0.4829962937093285
vn -0.8364515545069453 -0.25877214536725457 0.4831001694731055
vn -0.6124314836708854 -0.7071372762395896 0.353390082431769
vn -0.22411465665891173 -0.9659445374939648 0.12932042049200335
vn -0.12932042049200335 0.9659445374939648 0.22411465665891173
vn -0.3537044560758981 0.7069964190374062 0.6124126233352294
vn -0.4829825173099815 0.2588829108556299 0.8364852218896814
vn -0.4830842592715513 -0.2588908624072821 0.8364240071913708
vn -0.3534793341532415 -0.706958668306483 0.6125861585384583
vn -0.12932042049200332 -0.9659445374939648 0.2241146566589117
vn 0 0.9659425943761311 0.25875645763904925
vn 0 0.7071067811865476 0.7071067811865476
vn 0 0.2587564576390493 0.9659425943761312
vn 0 -0.25875645763904925 0.9659425943761313
vn 0 -0.7071067811865476 0.7071067811865476
vn 0 -0.9659425943761311 0.25875645763904925
usemtl m_450da42b-caa7-0ed3-aa92-23a794ce10cf
f 98/411/113 103/412/113 97/413/113
f 98/414/114 99/415/114 104/416/114 103/417/114
f 99/418/115 100/419/115 105/420/115 104/421/115
f 100/422/116 101/423/116 106/424/116 105/425/116
f 101/426/117 102/427/117 107/428/117 106/429/117
f 107/430/118 102/431/118 96/432/118
f 103/433/119 108/434/119 97/435/119
f 103/436/120 104/437/120 109/438/120 108/439/120
f 104/440/121 105/441/121 110/442/121 109/443/121
f 105/444/122 106/445/122 111/446/122 110/447/122
f 106/448/123 107/449/123 112/450/123 111/451/123
f 112/452/124 107/453/124 96/454/124
f 108/455/125 113/456/125 97/457/125
f 108/458/126 109/459/126 114/460/126 113/461/126
f 109/462/127 110/463/127 115/464/127 114/465/127
f 110/466/128 111/467/128 116/468/128 115/469/128
f 111/470/129 112/471/129 117/472/129 116/473/129
f 117/474/130 112/475/130 96/476/130
f 113/477/131 118/478/131 97/479/131
f 113/480/132 114/481/132 119/482/132 118/483/132
f 114/484/133 115/485/133 120/486/133 119/487/133
f 115/488/134 116/489/134 121/490/134 120/491/134
f 116/492/135 117/493/135 122/494/135 121/495/135
f 122/496/136 117/497/136 96/498/136
f 118/499/137 123/500/137 97/501/137
f 118/502/138 119/503/138 124/504/138 123/505/138
f 119/506/139 120/507/139 125/508/139 124/509/139
f 120/510/140 121/511/140 126/512/140 125/513/140
f 121/514/141 122/515/141 127/516/141 126/517/141
f 127/518/142 122/519/142 96/520/142
f 123/521/143 128/522/143 97/523/143
f 123/524/144 124/525/144 129/526/144 128/527/144
f 124/528/145 125/529/145 130/530/145 129/531/145
f 125/532/146 126/533/146 131/534/146 130/535/146
f 126/536/147 127/537/147 132/538/147 131/539/147
f 132/540/148 127/541/148 96/542/148
f 128/543/149 133/544/149 97/545/149
f 128/546/150 129/547/150 134/548/150 133/549/150
f 129/550/151 130/551/151 135/552/151 134/553/151
f 130/554/152 131/555/152 136/556/152 135/557/152
f 131/558/153 132/559/153 137/560/153 136/561/153
f 137/562/154 132/563/154 96/564/154
f 133/565/155 138/566/155 97/567/155
f 133/568/156 134/569/156 139/570/156 138/571/156
f 134/572/157 135/573/157 140/574/157 139/575/157
f 135/576/158 136/577/158 141/578/158 140/579/158
f 136/580/159 137/581/159 142/582/159 141/583/159
f 142/584/160 137/585/160 96/586/160
f 138/587/161 143/588/161 97/589/161
f 138/590/162 139/591/162 144/592/162 143/593/162
f 139/594/163 140/595/163 145/596/163 144/597/163
f 140/598/164 141/599/164 146/600/164 145/601/164
f 141/602/165 142/603/165 147/604/165 146/605/165
f 147/606/166 142/607/166 96/608/166
f 143/609/167 148/610/167 97/611/167
f 143/612/168 144/613/168 149/614/168 148/615/168
f 144/616/169 145/617/169 150/618/169 149/619/169
f 145/620/170 146/621/170 151/622/170 150/623/170
f 146/624/171 147/625/171 152/626/171 151/627/171
f 152/628/172 147/629/172 96/630/172
f 148/631/173 153/632/173 97/633/173
f 148/634/174 149/635/174 154/636/174 153/637/174
f 149/638/175 150/639/175 155/640/175 154/641/175
f 150/642/176 151/643/176 156/644/176 155/645/176
f 151/646/177 152/647/177 157/648/177 156/649/177
f 157/650/178 152/651/178 96/652/178
f 153/653/179 98/654/179 97/655/179
f 153/656/180 154/657/180 99/658/180 98/659/180
f 154/660/181 155/661/181 100/662/181 99/663/181
f 155/664/182 156/665/182 101/666/182 100/667/182
f 156/668/183 157/669/183 102/670/183 101/671/183
f 102/672/184 157/673/184 96/674/184
o sphere
v 0.03125 0.43084999999999996 0
v 0.03125 0.44665 0
v 0.032308125 0.44559187499999997 0.00395
v 0.033083125 0.4427 0.006841875
v 0.033366875 0.43875 0.0079
v 0.033083125 0.43479999999999996 0.006841875
v 0.032308125 0.431908125 0.00395
v 0.034141875 0.44559187499999997 0.002891875
v 0.036258125 0.4427 0.005008125
v 0.037033125 0.43875 0.005783125
v 0.036258125 0.43479999999999996 0.005008125
v 0.034141875 0.431908125 0.002891875
v 0.0352 0.44559187499999997 0.001058125
v 0.038091875 0.4427 0.001833125
v 0.039150000000000004 0.43875 0.002116875
v 0.038091875 0.43479999999999996 0.001833125
v 0.0352 0.431908125 0.001058125
v 0.0352 0.44559187499999997 -0.001058125
v 0.038091875 0.4427 -0.001833125
v 0.039150000000000004 0.43875 -0.002116875
v 0.038091875 0.43479999999999996 -0.001833125
v 0.0352 0.431908125 -0.001058125
v 0.034141875 0.44559187499999997 -0.002891875
v 0.036258125 0.4427 -0.005008125
v 0.037033125 0.43875 -0.005783125
v 0.036258125 0.43479999999999996 -0.005008125
v 0.034141875 0.431908125 -0.002891875
v 0.032308125 0.44559187499999997 -0.00395
v 0.033083125 0.4427 -0.006841875
v 0.033366875 0.43875 -0.0079
v 0.033083125 0.43479999999999996 -0.006841875
v 0.032308125 0.431908125 -0.00395
v 0.030191875 0.44559187499999997 -0.00395
v 0.029416875 0.4427 -0.006841875
v 0.029133125 0.43875 -0.0079
v 0.029416875 0.43479999999999996 -0.006841875
v 0.030191875 0.431908125 -0.00395
v 0.028358125 0.44559187499999997 -0.002891875
v 0.026241874999999998 0.4427 -0.005008125
v 0.025466875 0.43875 -0.005783125
v 0.026241874999999998 0.43479999999999996 -0.005008125
v 0.028358125 0.431908125 -0.002891875
v 0.027299999999999998 0.44559187499999997 -0.001058125
v 0.024408125 0.4427 -0.001833125
v 0.02335 0.43875 -0.002116875
v 0.024408125 0.43479999999999996 -0.001833125
v 0.027299999999999998 0.431908125 -0.001058125
v 0.027299999999999998 0.44559187499999997 0.001058125
v 0.024408125 0.4427 0.001833125
v 0.02335 0.43875 0.002116875
v 0.024408125 0.43479999999999996 0.001833125
v 0.027299999999999998 0.431908125 0.001058125
v 0.028358125 0.44559187499999997 0.002891875
v 0.026241874999999998 0.4427 0.005008125
v 0.025466875 0.43875 0.005783125
v 0.026241874999999998 0.43479999999999996 0.005008125
v 0.028358125 0.431908125 0.002891875
v 0.030191875 0.44559187499999997 0.00395
v 0.029416875 0.4427 0.006841875
v 0.029133125 0.43875 0.0079
v 0.029416875 0.43479999999999996 0.006841875
v 0.030191875 0.431908125 0.00395
vt 0 0.48234999999999995
vt 0.26795 0.48234999999999995
vt 0.133975 1
vt 0.098075 1
vt 0 0.48234999999999995
vt 0.4641 0.48234999999999995
vt 0.366025 1
vt 0.0359 1
vt 0 0.48234999999999995
vt 0.5359 0.48234999999999995
vt 0.5 1
vt 0 1
vt 0.0359 0.48234999999999995
vt 0.5 0.48234999999999995
vt 0.5359 1
vt 0 1
vt 0.098075 0.48234999999999995
vt 0.366025 0.48234999999999995
vt 0.4641 1
vt 0.26795 1
vt 0 1
vt 0.133975 0.48234999999999995
vt 0 0.48234999999999995
vt 0.26795 0.48234999999999995
vt 0.133975 1
vt 0.098075 1
vt 0 0.48234999999999995
vt 0.4641 0.48234999999999995
vt 0.366025 1
vt 0.0359 1
vt 0 0.48234999999999995
vt 0.5359 0.48234999999999995
vt 0.5 1
vt 0 1
vt 0.0359 0.48234999999999995
vt 0.5 0.48234999999999995
vt 0.5359 1
vt 0 1
vt 0.098075 0.48234999999999995
vt 0.366025 0.48234999999999995
vt 0.4641 1
vt 0.26795 1
vt 0 1
vt 0.133975 0.48234999999999995
vt 0 0.48234999999999995
vt 0.26795 0.48234999999999995
vt 0.133975 1
vt 0.098075 1
vt 0 0.48234999999999995
vt 0.4641 0.48234999999999995
vt 0.366025 1
vt 0.0359 1
vt 0 0.48234999999999995
vt 0.5359 0.48234999999999995
vt 0.5 1
vt 0 1
vt 0.0359 0.48234999999999995
vt 0.5 0.48234999999999995
vt 0.5359 1
vt 0 1
vt 0.098075 0.48234999999999995
vt 0.366025 0.48234999999999995
vt 0.4641 1
vt 0.26795 1
vt 0 1
vt 0.133975 0.48234999999999995
vt 0 0.48234999999999995
vt 0.26795 0.48234999999999995
vt 0.133975 1
vt 0.098075 1
vt 0 0.48234999999999995
vt 0.4641 0.48234999999999995
vt 0.366025 1
vt 0.0359 1
vt 0 0.48234999999999995
vt 0.5359 0.48234999999999995
vt 0.5 1
vt 0 1
vt 0.0359 0.48234999999999995
vt 0.5 0.48234999999999995
vt 0.5359 1
vt 0 1
vt 0.098075 0.48234999999999995
vt 0.366025 0.48234999999999995
vt 0.4641 1
vt 0.26795 1
vt 0 1
vt 0.133975 0.48234999999999995
vt 0 0.48234999999999995
vt 0.26795 0.48234999999999995
vt 0.133975 1
vt 0.098075 1
vt 0 0.48234999999999995
vt 0.4641 0.48234999999999995
vt 0.366025 1
vt 0.0359 1
vt 0 0.48234999999999995
vt 0.5359 0.48234999999999995
vt 0.5 1
vt 0 1
vt 0.0359 0.48234999999999995
vt 0.5 0.48234999999999995
vt 0.5359 1
vt 0 1
vt 0.098075 0.48234999999999995
vt 0.366025 0.48234999999999995
vt 0.4641 1
vt 0.26795 1
vt 0 1
vt 0.133975 0.48234999999999995
vt 0 0.48234999999999995
vt 0.26795 0.48234999999999995
vt 0.133975 1
vt 0.098075 1
vt 0 0.48234999999999995
vt 0.4641 0.48234999999999995
vt 0.366025 1
vt 0.0359 1
vt 0 0.48234999999999995
vt 0.5359 0.48234999999999995
vt 0.5 1
vt 0 1
vt 0.0359 0.48234999999999995
vt 0.5 0.48234999999999995
vt 0.5359 1
vt 0 1
vt 0.098075 0.48234999999999995
vt 0.366025 0.48234999999999995
vt 0.4641 1
vt 0.26795 1
vt 0 1
vt 0.133975 0.48234999999999995
vt 0 0.48234999999999995
vt 0.26795 0.48234999999999995
vt 0.133975 1
vt 0.098075 1
vt 0 0.48234999999999995
vt 0.4641 0.48234999999999995
vt 0.366025 1
vt 0.0359 1
vt 0 0.48234999999999995
vt 0.5359 0.48234999999999995
vt 0.5 1
vt 0 1
vt 0.0359 0.48234999999999995
vt 0.5 0.48234999999999995
vt 0.5359 1
vt 0 1
vt 0.098075 0.48234999999999995
vt 0.366025 0.48234999999999995
vt 0.4641 1
vt 0.26795 1
vt 0 1
vt 0.133975 0.48234999999999995
vt 0 0.48234999999999995
vt 0.26795 0.48234999999999995
vt 0.133975 1
vt 0.098075 1
vt 0 0.48234999999999995
vt 0.4641 0.48234999999999995
vt 0.366025 1
vt 0.0359 1
vt 0 0.48234999999999995
vt 0.5359 0.48234999999999995
vt 0.5 1
vt 0 1
vt 0.0359 0.48234999999999995
vt 0.5 0.48234999999999995
vt 0.5359 1
vt 0 1
vt 0.098075 0.48234999999999995
vt 0.366025 0.48234999999999995
vt 0.4641 1
vt 0.26795 1
vt 0 1
vt 0.133975 0.48234999999999995
vt 0 0.48234999999999995
vt 0.26795 0.48234999999999995
vt 0.133975 1
vt 0.098075 1
vt 0 0.48234999999999995
vt 0.4641 0.48234999999999995
vt 0.366025 1
vt 0.0359 1
vt 0 0.48234999999999995
vt 0.5359 0.48234999999999995
vt 0.5 1
vt 0 1
vt 0.0359 0.48234999999999995
vt 0.5 0.48234999999999995
vt 0.5359 1
vt 0 1
vt 0.098075 0.48234999999999995
vt 0.366025 0.48234999999999995
vt 0.4641 1
vt 0.26795 1
vt 0 1
vt 0.133975 0.48234999999999995
vt 0 0.48234999999999995
vt 0.26795 0.48234999999999995
vt 0.133975 1
vt 0.098075 1
vt 0 0.48234999999999995
vt 0.4641 0.48234999999999995
vt 0.366025 1
vt 0.0359 1
vt 0 0.48234999999999995
vt 0.5359 0.48234999999999995
vt 0.5 1
vt 0 1
vt 0.0359 0.48234999999999995
vt 0.5 0.48234999999999995
vt 0.5359 1
vt 0 1
vt 0.098075 0.48234999999999995
vt 0.366025 0.48234999999999995
vt 0.4641 1
vt 0.26795 1
vt 0 1
vt 0.133975 0.48234999999999995
vt 0 0.48234999999999995
vt 0.26795 0.48234999999999995
vt 0.133975 1
vt 0.098075 1
vt 0 0.48234999999999995
vt 0.4641 0.48234999999999995
vt 0.366025 1
vt 0.0359 1
vt 0 0.48234999999999995
vt 0.5359 0.48234999999999995
vt 0.5 1
vt 0 1
vt 0.0359 0.48234999999999995
vt 0.5 0.48234999999999995
vt 0.5359 1
vt 0 1
vt 0.098075 0.48234999999999995
vt 0.366025 0.48234999999999995
vt 0.4641 1
vt 0.26795 1
vt 0 1
vt 0.133975 0.48234999999999995
vt 0 0.48234999999999995
vt 0.26795 0.48234999999999995
vt 0.133975 1
vt 0.098075 1
vt 0 0.48234999999999995
vt 0.4641 0.48234999999999995
vt 0.366025 1
vt 0.0359 1
vt 0 0.48234999999999995
vt 0.5359 0.48234999999999995
vt 0.5 1
vt 0 1
vt 0.0359 0.48234999999999995
vt 0.5 0.48234999999999995
vt 0.5359 1
vt 0 1
vt 0.098075 0.48234999999999995
vt 0.366025 0.48234999999999995
vt 0.4641 1
vt 0.26795 1
vt 0 1
vt 0.133975 0.48234999999999995
vn 0.12932042049200332 0.9659445374939648 0.2241146566589117
vn 0.3536528842148803 0.707099551944335 0.6123233305424652
vn 0.4829962937093285 0.2587800937108809 0.836509081458199
vn 0.4831001694731055 -0.25877214536725457 0.8364515545069453
vn 0.353390082431769 -0.7071372762395896 0.6124314836708854
vn 0.12932042049200335 -0.9659445374939648 0.22411465665891173
vn 0.22411465665891173 0.9659445374939648 0.12932042049200335
vn 0.6124126233352294 0.7069964190374063 0.3537044560758981
vn 0.8364852218896814 0.2588829108556299 0.4829825173099815
vn 0.8364240071913708 -0.2588908624072821 0.4830842592715513
vn 0.6125861585384583 -0.706958668306483 0.3534793341532415
vn 0.2241146566589117 -0.9659445374939648 0.12932042049200332
vn 0.25875645763904925 0.9659425943761311 0
vn 0.7071067811865476 0.7071067811865476 0
vn 0.9659425943761312 0.2587564576390493 0
vn 0.9659425943761313 -0.25875645763904925 0
vn 0.7071067811865476 -0.7071067811865476 0
vn 0.25875645763904925 -0.9659425943761311 0
vn 0.2241146566589117 0.9659445374939648 -0.12932042049200332
vn 0.6123233305424652 0.707099551944335 -0.3536528842148803
vn 0.836509081458199 0.2587800937108809 -0.4829962937093285
vn 0.8364515545069453 -0.25877214536725457 -0.4831001694731055
vn 0.6124314836708854 -0.7071372762395896 -0.353390082431769
vn 0.22411465665891173 -0.9659445374939648 -0.12932042049200335
vn 0.12932042049200335 0.9659445374939648 -0.22411465665891173
vn 0.3537044560758981 0.7069964190374062 -0.6124126233352294
vn 0.4829825173099815 0.2588829108556299 -0.8364852218896814
vn 0.4830842592715513 -0.2588908624072821 -0.8364240071913708
vn 0.3534793341532415 -0.706958668306483 -0.6125861585384583
vn 0.12932042049200332 -0.9659445374939648 -0.2241146566589117
vn 0 0.9659425943761311 -0.25875645763904925
vn 0 0.7071067811865476 -0.7071067811865476
vn 0 0.2587564576390493 -0.9659425943761312
vn 0 -0.25875645763904925 -0.9659425943761313
vn 0 -0.7071067811865476 -0.7071067811865476
vn 0 -0.9659425943761311 -0.25875645763904925
vn -0.12932042049200332 0.9659445374939648 -0.2241146566589117
vn -0.3536528842148803 0.707099551944335 -0.6123233305424652
vn -0.4829962937093285 0.2587800937108809 -0.836509081458199
vn -0.4831001694731055 -0.25877214536725457 -0.8364515545069453
vn -0.353390082431769 -0.7071372762395896 -0.6124314836708854
vn -0.12932042049200335 -0.9659445374939648 -0.22411465665891173
vn -0.22411465665891173 0.9659445374939648 -0.12932042049200335
vn -0.6124126233352294 0.7069964190374063 -0.3537044560758981
vn -0.8364852218896814 0.2588829108556299 -0.4829825173099815
vn -0.8364240071913708 -0.2588908624072821 -0.4830842592715513
vn -0.6125861585384583 -0.706958668306483 -0.3534793341532415
vn -0.2241146566589117 -0.9659445374939648 -0.12932042049200332
vn -0.25875645763904925 0.9659425943761311 0
vn -0.7071067811865476 0.7071067811865476 0
vn -0.9659425943761312 0.2587564576390493 0
vn -0.9659425943761313 -0.25875645763904925 0
vn -0.7071067811865476 -0.7071067811865476 0
vn -0.25875645763904925 -0.9659425943761311 0
vn -0.2241146566589117 0.9659445374939648 0.12932042049200332
vn -0.6123233305424652 0.707099551944335 0.3536528842148803
vn -0.836509081458199 0.2587800937108809 0.4829962937093285
vn -0.8364515545069453 -0.25877214536725457 0.4831001694731055
vn -0.6124314836708854 -0.7071372762395896 0.353390082431769
vn -0.22411465665891173 -0.9659445374939648 0.12932042049200335
vn -0.12932042049200335 0.9659445374939648 0.22411465665891173
vn -0.3537044560758981 0.7069964190374062 0.6124126233352294
vn -0.4829825173099815 0.2588829108556299 0.8364852218896814
vn -0.4830842592715513 -0.2588908624072821 0.8364240071913708
vn -0.3534793341532415 -0.706958668306483 0.6125861585384583
vn -0.12932042049200332 -0.9659445374939648 0.2241146566589117
vn 0 0.9659425943761311 0.25875645763904925
vn 0 0.7071067811865476 0.7071067811865476
vn 0 0.2587564576390493 0.9659425943761312
vn 0 -0.25875645763904925 0.9659425943761313
vn 0 -0.7071067811865476 0.7071067811865476
vn 0 -0.9659425943761311 0.25875645763904925
usemtl m_450da42b-caa7-0ed3-aa92-23a794ce10cf
f 160/675/185 165/676/185 159/677/185
f 160/678/186 161/679/186 166/680/186 165/681/186
f 161/682/187 162/683/187 167/684/187 166/685/187
f 162/686/188 163/687/188 168/688/188 167/689/188
f 163/690/189 164/691/189 169/692/189 168/693/189
f 169/694/190 164/695/190 158/696/190
f 165/697/191 170/698/191 159/699/191
f 165/700/192 166/701/192 171/702/192 170/703/192
f 166/704/193 167/705/193 172/706/193 171/707/193
f 167/708/194 168/709/194 173/710/194 172/711/194
f 168/712/195 169/713/195 174/714/195 173/715/195
f 174/716/196 169/717/196 158/718/196
f 170/719/197 175/720/197 159/721/197
f 170/722/198 171/723/198 176/724/198 175/725/198
f 171/726/199 172/727/199 177/728/199 176/729/199
f 172/730/200 173/731/200 178/732/200 177/733/200
f 173/734/201 174/735/201 179/736/201 178/737/201
f 179/738/202 174/739/202 158/740/202
f 175/741/203 180/742/203 159/743/203
f 175/744/204 176/745/204 181/746/204 180/747/204
f 176/748/205 177/749/205 182/750/205 181/751/205
f 177/752/206 178/753/206 183/754/206 182/755/206
f 178/756/207 179/757/207 184/758/207 183/759/207
f 184/760/208 179/761/208 158/762/208
f 180/763/209 185/764/209 159/765/209
f 180/766/210 181/767/210 186/768/210 185/769/210
f 181/770/211 182/771/211 187/772/211 186/773/211
f 182/774/212 183/775/212 188/776/212 187/777/212
f 183/778/213 184/779/213 189/780/213 188/781/213
f 189/782/214 184/783/214 158/784/214
f 185/785/215 190/786/215 159/787/215
f 185/788/216 186/789/216 191/790/216 190/791/216
f 186/792/217 187/793/217 192/794/217 191/795/217
f 187/796/218 188/797/218 193/798/218 192/799/218
f 188/800/219 189/801/219 194/802/219 193/803/219
f 194/804/220 189/805/220 158/806/220
f 190/807/221 195/808/221 159/809/221
f 190/810/222 191/811/222 196/812/222 195/813/222
f 191/814/223 192/815/223 197/816/223 196/817/223
f 192/818/224 193/819/224 198/820/224 197/821/224
f 193/822/225 194/823/225 199/824/225 198/825/225
f 199/826/226 194/827/226 158/828/226
f 195/829/227 200/830/227 159/831/227
f 195/832/228 196/833/228 201/834/228 200/835/228
f 196/836/229 197/837/229 202/838/229 201/839/229
f 197/840/230 198/841/230 203/842/230 202/843/230
f 198/844/231 199/845/231 204/846/231 203/847/231
f 204/848/232 199/849/232 158/850/232
f 200/851/233 205/852/233 159/853/233
f 200/854/234 201/855/234 206/856/234 205/857/234
f 201/858/235 202/859/235 207/860/235 206/861/235
f 202/862/236 203/863/236 208/864/236 207/865/236
f 203/866/237 204/867/237 209/868/237 208/869/237
f 209/870/238 204/871/238 158/872/238
f 205/873/239 210/874/239 159/875/239
f 205/876/240 206/877/240 211/878/240 210/879/240
f 206/880/241 207/881/241 212/882/241 211/883/241
f 207/884/242 208/885/242 213/886/242 212/887/242
f 208/888/243 209/889/243 214/890/243 213/891/243
f 214/892/244 209/893/244 158/894/244
f 210/895/245 215/896/245 159/897/245
f 210/898/246 211/899/246 216/900/246 215/901/246
f 211/902/247 212/903/247 217/904/247 216/905/247
f 212/906/248 213/907/248 218/908/248 217/909/248
f 213/910/249 214/911/249 219/912/249 218/913/249
f 219/914/250 214/915/250 158/916/250
f 215/917/251 160/918/251 159/919/251
f 215/920/252 216/921/252 161/922/252 160/923/252
f 216/924/253 217/925/253 162/926/253 161/927/253
f 217/928/254 218/929/254 163/930/254 162/931/254
f 218/932/255 219/933/255 164/934/255 163/935/255
f 164/936/256 219/937/256 158/938/256
o sphere
v 0.03125 0.36834999999999996 0
v 0.03125 0.38415 0
v 0.032308125 0.38309187499999997 0.00395
v 0.033083125 0.3802 0.006841875
v 0.033366875 0.37625 0.0079
v 0.033083125 0.37229999999999996 0.006841875
v 0.032308125 0.369408125 0.00395
v 0.034141875 0.38309187499999997 0.002891875
v 0.036258125 0.3802 0.005008125
v 0.037033125 0.37625 0.005783125
v 0.036258125 0.37229999999999996 0.005008125
v 0.034141875 0.369408125 0.002891875
v 0.0352 0.38309187499999997 0.001058125
v 0.038091875 0.3802 0.001833125
v 0.039150000000000004 0.37625 0.002116875
v 0.038091875 0.37229999999999996 0.001833125
v 0.0352 0.369408125 0.001058125
v 0.0352 0.38309187499999997 -0.001058125
v 0.038091875 0.3802 -0.001833125
v 0.039150000000000004 0.37625 -0.002116875
v 0.038091875 0.37229999999999996 -0.001833125
v 0.0352 0.369408125 -0.001058125
v 0.034141875 0.38309187499999997 -0.002891875
v 0.036258125 0.3802 -0.005008125
v 0.037033125 0.37625 -0.005783125
v 0.036258125 0.37229999999999996 -0.005008125
v 0.034141875 0.369408125 -0.002891875
v 0.032308125 0.38309187499999997 -0.00395
v 0.033083125 0.3802 -0.006841875
v 0.033366875 0.37625 -0.0079
v 0.033083125 0.37229999999999996 -0.006841875
v 0.032308125 0.369408125 -0.00395
v 0.030191875 0.38309187499999997 -0.00395
v 0.029416875 0.3802 -0.006841875
v 0.029133125 0.37625 -0.0079
v 0.029416875 0.37229999999999996 -0.006841875
v 0.030191875 0.369408125 -0.00395
v 0.028358125 0.38309187499999997 -0.002891875
v 0.026241874999999998 0.3802 -0.005008125
v 0.025466875 0.37625 -0.005783125
v 0.026241874999999998 0.37229999999999996 -0.005008125
v 0.028358125 0.369408125 -0.002891875
v 0.027299999999999998 0.38309187499999997 -0.001058125
v 0.024408125 0.3802 -0.001833125
v 0.02335 0.37625 -0.002116875
v 0.024408125 0.37229999999999996 -0.001833125
v 0.027299999999999998 0.369408125 -0.001058125
v 0.027299999999999998 0.38309187499999997 0.001058125
v 0.024408125 0.3802 0.001833125
v 0.02335 0.37625 0.002116875
v 0.024408125 0.37229999999999996 0.001833125
v 0.027299999999999998 0.369408125 0.001058125
v 0.028358125 0.38309187499999997 0.002891875
v 0.026241874999999998 0.3802 0.005008125
v 0.025466875 0.37625 0.005783125
v 0.026241874999999998 0.37229999999999996 0.005008125
v 0.028358125 0.369408125 0.002891875
v 0.030191875 0.38309187499999997 0.00395
v 0.029416875 0.3802 0.006841875
v 0.029133125 0.37625 0.0079
v 0.029416875 0.37229999999999996 0.006841875
v 0.030191875 0.369408125 0.00395
vt 0 0.48234999999999995
vt 0.26795 0.48234999999999995
vt 0.133975 1
vt 0.098075 1
vt 0 0.48234999999999995
vt 0.4641 0.48234999999999995
vt 0.366025 1
vt 0.0359 1
vt 0 0.48234999999999995
vt 0.5359 0.48234999999999995
vt 0.5 1
vt 0 1
vt 0.0359 0.48234999999999995
vt 0.5 0.48234999999999995
vt 0.5359 1
vt 0 1
vt 0.098075 0.48234999999999995
vt 0.366025 0.48234999999999995
vt 0.4641 1
vt 0.26795 1
vt 0 1
vt 0.133975 0.48234999999999995
vt 0 0.48234999999999995
vt 0.26795 0.48234999999999995
vt 0.133975 1
vt 0.098075 1
vt 0 0.48234999999999995
vt 0.4641 0.48234999999999995
vt 0.366025 1
vt 0.0359 1
vt 0 0.48234999999999995
vt 0.5359 0.48234999999999995
vt 0.5 1
vt 0 1
vt 0.0359 0.48234999999999995
vt 0.5 0.48234999999999995
vt 0.5359 1
vt 0 1
vt 0.098075 0.48234999999999995
vt 0.366025 0.48234999999999995
vt 0.4641 1
vt 0.26795 1
vt 0 1
vt 0.133975 0.48234999999999995
vt 0 0.48234999999999995
vt 0.26795 0.48234999999999995
vt 0.133975 1
vt 0.098075 1
vt 0 0.48234999999999995
vt 0.4641 0.48234999999999995
vt 0.366025 1
vt 0.0359 1
vt 0 0.48234999999999995
vt 0.5359 0.48234999999999995
vt 0.5 1
vt 0 1
vt 0.0359 0.48234999999999995
vt 0.5 0.48234999999999995
vt 0.5359 1
vt 0 1
vt 0.098075 0.48234999999999995
vt 0.366025 0.48234999999999995
vt 0.4641 1
vt 0.26795 1
vt 0 1
vt 0.133975 0.48234999999999995
vt 0 0.48234999999999995
vt 0.26795 0.48234999999999995
vt 0.133975 1
vt 0.098075 1
vt 0 0.48234999999999995
vt 0.4641 0.48234999999999995
vt 0.366025 1
vt 0.0359 1
vt 0 0.48234999999999995
vt 0.5359 0.48234999999999995
vt 0.5 1
vt 0 1
vt 0.0359 0.48234999999999995
vt 0.5 0.48234999999999995
vt 0.5359 1
vt 0 1
vt 0.098075 0.48234999999999995
vt 0.366025 0.48234999999999995
vt 0.4641 1
vt 0.26795 1
vt 0 1
vt 0.133975 0.48234999999999995
vt 0 0.48234999999999995
vt 0.26795 0.48234999999999995
vt 0.133975 1
vt 0.098075 1
vt 0 0.48234999999999995
vt 0.4641 0.48234999999999995
vt 0.366025 1
vt 0.0359 1
vt 0 0.48234999999999995
vt 0.5359 0.48234999999999995
vt 0.5 1
vt 0 1
vt 0.0359 0.48234999999999995
vt 0.5 0.48234999999999995
vt 0.5359 1
vt 0 1
vt 0.098075 0.48234999999999995
vt 0.366025 0.48234999999999995
vt 0.4641 1
vt 0.26795 1
vt 0 1
vt 0.133975 0.48234999999999995
vt 0 0.48234999999999995
vt 0.26795 0.48234999999999995
vt 0.133975 1
vt 0.098075 1
vt 0 0.48234999999999995
vt 0.4641 0.48234999999999995
vt 0.366025 1
vt 0.0359 1
vt 0 0.48234999999999995
vt 0.5359 0.48234999999999995
vt 0.5 1
vt 0 1
vt 0.0359 0.48234999999999995
vt 0.5 0.48234999999999995
vt 0.5359 1
vt 0 1
vt 0.098075 0.48234999999999995
vt 0.366025 0.48234999999999995
vt 0.4641 1
vt 0.26795 1
vt 0 1
vt 0.133975 0.48234999999999995
vt 0 0.48234999999999995
vt 0.26795 0.48234999999999995
vt 0.133975 1
vt 0.098075 1
vt 0 0.48234999999999995
vt 0.4641 0.48234999999999995
vt 0.366025 1
vt 0.0359 1
vt 0 0.48234999999999995
vt 0.5359 0.48234999999999995
vt 0.5 1
vt 0 1
vt 0.0359 0.48234999999999995
vt 0.5 0.48234999999999995
vt 0.5359 1
vt 0 1
vt 0.098075 0.48234999999999995
vt 0.366025 0.48234999999999995
vt 0.4641 1
vt 0.26795 1
vt 0 1
vt 0.133975 0.48234999999999995
vt 0 0.48234999999999995
vt 0.26795 0.48234999999999995
vt 0.133975 1
vt 0.098075 1
vt 0 0.48234999999999995
vt 0.4641 0.48234999999999995
vt 0.366025 1
vt 0.0359 1
vt 0 0.48234999999999995
vt 0.5359 0.48234999999999995
vt 0.5 1
vt 0 1
vt 0.0359 0.48234999999999995
vt 0.5 0.48234999999999995
vt 0.5359 1
vt 0 1
vt 0.098075 0.48234999999999995
vt 0.366025 0.48234999999999995
vt 0.4641 1
vt 0.26795 1
vt 0 1
vt 0.133975 0.48234999999999995
vt 0 0.48234999999999995
vt 0.26795 0.48234999999999995
vt 0.133975 1
vt 0.098075 1
vt 0 0.48234999999999995
vt 0.4641 0.48234999999999995
vt 0.366025 1
vt 0.0359 1
vt 0 0.48234999999999995
vt 0.5359 0.48234999999999995
vt 0.5 1
vt 0 1
vt 0.0359 0.48234999999999995
vt 0.5 0.48234999999999995
vt 0.5359 1
vt 0 1
vt 0.098075 0.48234999999999995
vt 0.366025 0.48234999999999995
vt 0.4641 1
vt 0.26795 1
vt 0 1
vt 0.133975 0.48234999999999995
vt 0 0.48234999999999995
vt 0.26795 0.48234999999999995
vt 0.133975 1
vt 0.098075 1
vt 0 0.48234999999999995
vt 0.4641 0.48234999999999995
vt 0.366025 1
vt 0.0359 1
vt 0 0.48234999999999995
vt 0.5359 0.48234999999999995
vt 0.5 1
vt 0 1
vt 0.0359 0.48234999999999995
vt 0.5 0.48234999999999995
vt 0.5359 1
vt 0 1
vt 0.098075 0.48234999999999995
vt 0.366025 0.48234999999999995
vt 0.4641 1
vt 0.26795 1
vt 0 1
vt 0.133975 0.48234999999999995
vt 0 0.48234999999999995
vt 0.26795 0.48234999999999995
vt 0.133975 1
vt 0.098075 1
vt 0 0.48234999999999995
vt 0.4641 0.48234999999999995
vt 0.366025 1
vt 0.0359 1
vt 0 0.48234999999999995
vt 0.5359 0.48234999999999995
vt 0.5 1
vt 0 1
vt 0.0359 0.48234999999999995
vt 0.5 0.48234999999999995
vt 0.5359 1
vt 0 1
vt 0.098075 0.48234999999999995
vt 0.366025 0.48234999999999995
vt 0.4641 1
vt 0.26795 1
vt 0 1
vt 0.133975 0.48234999999999995
vt 0 0.48234999999999995
vt 0.26795 0.48234999999999995
vt 0.133975 1
vt 0.098075 1
vt 0 0.48234999999999995
vt 0.4641 0.48234999999999995
vt 0.366025 1
vt 0.0359 1
vt 0 0.48234999999999995
vt 0.5359 0.48234999999999995
vt 0.5 1
vt 0 1
vt 0.0359 0.48234999999999995
vt 0.5 0.48234999999999995
vt 0.5359 1
vt 0 1
vt 0.098075 0.48234999999999995
vt 0.366025 0.48234999999999995
vt 0.4641 1
vt 0.26795 1
vt 0 1
vt 0.133975 0.48234999999999995
vn 0.12932042049200332 0.9659445374939648 0.2241146566589117
vn 0.3536528842148803 0.707099551944335 0.6123233305424652
vn 0.4829962937093285 0.2587800937108809 0.836509081458199
vn 0.4831001694731055 -0.25877214536725457 0.8364515545069453
vn 0.353390082431769 -0.7071372762395896 0.6124314836708854
vn 0.12932042049200335 -0.9659445374939648 0.22411465665891173
vn 0.22411465665891173 0.9659445374939648 0.12932042049200335
vn 0.6124126233352294 0.7069964190374063 0.3537044560758981
vn 0.8364852218896814 0.2588829108556299 0.4829825173099815
vn 0.8364240071913708 -0.2588908624072821 0.4830842592715513
vn 0.6125861585384583 -0.706958668306483 0.3534793341532415
vn 0.2241146566589117 -0.9659445374939648 0.12932042049200332
vn 0.25875645763904925 0.9659425943761311 0
vn 0.7071067811865476 0.7071067811865476 0
vn 0.9659425943761312 0.2587564576390493 0
vn 0.9659425943761313 -0.25875645763904925 0
vn 0.7071067811865476 -0.7071067811865476 0
vn 0.25875645763904925 -0.9659425943761311 0
vn 0.2241146566589117 0.9659445374939648 -0.12932042049200332
vn 0.6123233305424652 0.707099551944335 -0.3536528842148803
vn 0.836509081458199 0.2587800937108809 -0.4829962937093285
vn 0.8364515545069453 -0.25877214536725457 -0.4831001694731055
vn 0.6124314836708854 -0.7071372762395896 -0.353390082431769
vn 0.22411465665891173 -0.9659445374939648 -0.12932042049200335
vn 0.12932042049200335 0.9659445374939648 -0.22411465665891173
vn 0.3537044560758981 0.7069964190374062 -0.6124126233352294
vn 0.4829825173099815 0.2588829108556299 -0.8364852218896814
vn 0.4830842592715513 -0.2588908624072821 -0.8364240071913708
vn 0.3534793341532415 -0.706958668306483 -0.6125861585384583
vn 0.12932042049200332 -0.9659445374939648 -0.2241146566589117
vn 0 0.9659425943761311 -0.25875645763904925
vn 0 0.7071067811865476 -0.7071067811865476
vn 0 0.2587564576390493 -0.9659425943761312
vn 0 -0.25875645763904925 -0.9659425943761313
vn 0 -0.7071067811865476 -0.7071067811865476
vn 0 -0.9659425943761311 -0.25875645763904925
vn -0.12932042049200332 0.9659445374939648 -0.2241146566589117
vn -0.3536528842148803 0.707099551944335 -0.6123233305424652
vn -0.4829962937093285 0.2587800937108809 -0.836509081458199
vn -0.4831001694731055 -0.25877214536725457 -0.8364515545069453
vn -0.353390082431769 -0.7071372762395896 -0.6124314836708854
vn -0.12932042049200335 -0.9659445374939648 -0.22411465665891173
vn -0.22411465665891173 0.9659445374939648 -0.12932042049200335
vn -0.6124126233352294 0.7069964190374063 -0.3537044560758981
vn -0.8364852218896814 0.2588829108556299 -0.4829825173099815
vn -0.8364240071913708 -0.2588908624072821 -0.4830842592715513
vn -0.6125861585384583 -0.706958668306483 -0.3534793341532415
vn -0.2241146566589117 -0.9659445374939648 -0.12932042049200332
vn -0.25875645763904925 0.9659425943761311 0
vn -0.7071067811865476 0.7071067811865476 0
vn -0.9659425943761312 0.2587564576390493 0
vn -0.9659425943761313 -0.25875645763904925 0
vn -0.7071067811865476 -0.7071067811865476 0
vn -0.25875645763904925 -0.9659425943761311 0
vn -0.2241146566589117 0.9659445374939648 0.12932042049200332
vn -0.6123233305424652 0.707099551944335 0.3536528842148803
vn -0.836509081458199 0.2587800937108809 0.4829962937093285
vn -0.8364515545069453 -0.25877214536725457 0.4831001694731055
vn -0.6124314836708854 -0.7071372762395896 0.353390082431769
vn -0.22411465665891173 -0.9659445374939648 0.12932042049200335
vn -0.12932042049200335 0.9659445374939648 0.22411465665891173
vn -0.3537044560758981 0.7069964190374062 0.6124126233352294
vn -0.4829825173099815 0.2588829108556299 0.8364852218896814
vn -0.4830842592715513 -0.2588908624072821 0.8364240071913708
vn -0.3534793341532415 -0.706958668306483 0.6125861585384583
vn -0.12932042049200332 -0.9659445374939648 0.2241146566589117
vn 0 0.9659425943761311 0.25875645763904925
vn 0 0.7071067811865476 0.7071067811865476
vn 0 0.2587564576390493 0.9659425943761312
vn 0 -0.25875645763904925 0.9659425943761313
vn 0 -0.7071067811865476 0.7071067811865476
vn 0 -0.9659425943761311 0.25875645763904925
usemtl m_450da42b-caa7-0ed3-aa92-23a794ce10cf
f 222/939/257 227/940/257 221/941/257
f 222/942/258 223/943/258 228/944/258 227/945/258
f 223/946/259 224/947/259 229/948/259 228/949/259
f 224/950/260 225/951/260 230/952/260 229/953/260
f 225/954/261 226/955/261 231/956/261 230/957/261
f 231/958/262 226/959/262 220/960/262
f 227/961/263 232/962/263 221/963/263
f 227/964/264 228/965/264 233/966/264 232/967/264
f 228/968/265 229/969/265 234/970/265 233/971/265
f 229/972/266 230/973/266 235/974/266 234/975/266
f 230/976/267 231/977/267 236/978/267 235/979/267
f 236/980/268 231/981/268 220/982/268
f 232/983/269 237/984/269 221/985/269
f 232/986/270 233/987/270 238/988/270 237/989/270
f 233/990/271 234/991/271 239/992/271 238/993/271
f 234/994/272 235/995/272 240/996/272 239/997/272
f 235/998/273 236/999/273 241/1000/273 240/1001/273
f 241/1002/274 236/1003/274 220/1004/274
f 237/1005/275 242/1006/275 221/1007/275
f 237/1008/276 238/1009/276 243/1010/276 242/1011/276
f 238/1012/277 239/1013/277 244/1014/277 243/1015/277
f 239/1016/278 240/1017/278 245/1018/278 244/1019/278
f 240/1020/279 241/1021/279 246/1022/279 245/1023/279
f 246/1024/280 241/1025/280 220/1026/280
f 242/1027/281 247/1028/281 221/1029/281
f 242/1030/282 243/1031/282 248/1032/282 247/1033/282
f 243/1034/283 244/1035/283 249/1036/283 248/1037/283
f 244/1038/284 245/1039/284 250/1040/284 249/1041/284
f 245/1042/285 246/1043/285 251/1044/285 250/1045/285
f 251/1046/286 246/1047/286 220/1048/286
f 247/1049/287 252/1050/287 221/1051/287
f 247/1052/288 248/1053/288 253/1054/288 252/1055/288
f 248/1056/289 249/1057/289 254/1058/289 253/1059/289
f 249/1060/290 250/1061/290 255/1062/290 254/1063/290
f 250/1064/291 251/1065/291 256/1066/291 255/1067/291
f 256/1068/292 251/1069/292 220/1070/292
f 252/1071/293 257/1072/293 221/1073/293
f 252/1074/294 253/1075/294 258/1076/294 257/1077/294
f 253/1078/295 254/1079/295 259/1080/295 258/1081/295
f 254/1082/296 255/1083/296 260/1084/296 259/1085/296
f 255/1086/297 256/1087/297 261/1088/297 260/1089/297
f 261/1090/298 256/1091/298 220/1092/298
f 257/1093/299 262/1094/299 221/1095/299
f 257/1096/300 258/1097/300 263/1098/300 262/1099/300
f 258/1100/301 259/1101/301 264/1102/301 263/1103/301
f 259/1104/302 260/1105/302 265/1106/302 264/1107/302
f 260/1108/303 261/1109/303 266/1110/303 265/1111/303
f 266/1112/304 261/1113/304 220/1114/304
f 262/1115/305 267/1116/305 221/1117/305
f 262/1118/306 263/1119/306 268/1120/306 267/1121/306
f 263/1122/307 264/1123/307 269/1124/307 268/1125/307
f 264/1126/308 265/1127/308 270/1128/308 269/1129/308
f 265/1130/309 266/1131/309 271/1132/309 270/1133/309
f 271/1134/310 266/1135/310 220/1136/310
f 267/1137/311 272/1138/311 221/1139/311
f 267/1140/312 268/1141/312 273/1142/312 272/1143/312
f 268/1144/313 269/1145/313 274/1146/313 273/1147/313
f 269/1148/314 270/1149/314 275/1150/314 274/1151/314
f 270/1152/315 271/1153/315 276/1154/315 275/1155/315
f 276/1156/316 271/1157/316 220/1158/316
f 272/1159/317 277/1160/317 221/1161/317
f 272/1162/318 273/1163/318 278/1164/318 277/1165/318
f 273/1166/319 274/1167/319 279/1168/319 278/1169/319
f 274/1170/320 275/1171/320 280/1172/320 279/1173/320
f 275/1174/321 276/1175/321 281/1176/321 280/1177/321
f 281/1178/322 276/1179/322 220/1180/322
f 277/1181/323 222/1182/323 221/1183/323
f 277/1184/324 278/1185/324 223/1186/324 222/1187/324
f 278/1188/325 279/1189/325 224/1190/325 223/1191/325
f 279/1192/326 280/1193/326 225/1194/326 224/1195/326
f 280/1196/327 281/1197/327 226/1198/327 225/1199/327
f 226/1200/328 281/1201/328 220/1202/328
o cylinder
v 0 0.4453125 0
v 0 0.5390625 0
v 0.003883125 0.4453125 0.009375
v 0.003883125 0.5390625 0.009375
v 0.009375 0.4453125 0.003883125
v 0.009375 0.5390625 0.003883125
v 0.009375 0.4453125 -0.003883125
v 0.009375 0.5390625 -0.003883125
v 0.003883125 0.4453125 -0.009375
v 0.003883125 0.5390625 -0.009375
v -0.003883125 0.4453125 -0.009375
v -0.003883125 0.5390625 -0.009375
v -0.009375 0.4453125 -0.003883125
v -0.009375 0.5390625 -0.003883125
v -0.009375 0.4453125 0.003883125
v -0.009375 0.5390625 0.003883125
v -0.003883125 0.4453125 0.009375
v -0.003883125 0.5390625 0.009375
vt 0.02029375 0.985645
vt 0.01434375 1
vt 0 0.985645
vt 0 0.875
vt 0.015525 0.875
vt 0.015525 1
vt 0 1
vt 0 0.97970625
vt 0.014355 0.98565625
vt 0 1
vt 0.01875 0.984475
vt 0.01875 1
vt 0 0.9922375
vt 0 0.875
vt 0.015525 0.875
vt 0.015525 1
vt 0 1
vt 0.01875 0.984475
vt 0.01875 1
vt 0 0.9922375
vt 0 0.97970625
vt 0.014355 0.98565625
vt 0 1
vt 0 0.875
vt 0.015525 0.875
vt 0.015525 1
vt 0 1
vt 0.02029375 0.985645
vt 0.01434375 1
vt 0 0.985645
vt 0 0.98125
vt 0.015525 0.98125
vt 0.0077625 1
vt 0 0.875
vt 0.015525 0.875
vt 0.015525 1
vt 0 1
vt 0.015525 1
vt 0 1
vt 0.0077625 0.98125
vt 0 1
vt 0.00594875 0.985645
vt 0.02029375 1
vt 0 0.875
vt 0.015525 0.875
vt 0.015525 1
vt 0 1
vt 0.014355 1
vt 0 0.99405125
vt 0.014355 0.97970625
vt 0 1
vt 0 0.984475
vt 0.01875 0.9922375
vt 0 0.875
vt 0.015525 0.875
vt 0.015525 1
vt 0 1
vt 0 1
vt 0 0.984475
vt 0.01875 0.9922375
vt 0.014355 1
vt 0 0.99405125
vt 0.014355 0.97970625
vt 0 0.875
vt 0.015525 0.875
vt 0.015525 1
vt 0 1
vt 0 1
vt 0.00594875 0.985645
vt 0.02029375 1
vt 0.015525 1
vt 0 1
vt 0.0077625 0.98125
vt 0 0.875
vt 0.015525 0.875
vt 0.015525 1
vt 0 1
vt 0 0.98125
vt 0.015525 0.98125
vt 0.0077625 1
vn 0 -1 0
vn 0.7071067811865476 0 0.7071067811865476
vn 0 1 0
vn 0 -1 0
vn 1 0 0
vn 0 1 0
vn 0 -1 0
vn 0.7071067811865476 0 -0.7071067811865476
vn 0 1 0
vn 0 -1 0
vn 0 0 -1
vn 0 1 0
vn 0 -1 0
vn -0.7071067811865476 0 -0.7071067811865476
vn 0 1 0
vn 0 -1 0
vn -1 0 0
vn 0 1 0
vn 0 -1 0
vn -0.7071067811865476 0 0.7071067811865476
vn 0 1 0
vn 0 -1 0
vn 0 0 1
vn 0 1 0
usemtl m_09db43be-f934-6b4c-132a-e50cc4a28073
f 286/1203/329 284/1204/329 282/1205/329
f 284/1206/330 286/1207/330 287/1208/330 285/1209/330
f 285/1210/331 287/1211/331 283/1212/331
f 288/1213/332 286/1214/332 282/1215/332
f 286/1216/333 288/1217/333 289/1218/333 287/1219/333
f 287/1220/334 289/1221/334 283/1222/334
f 290/1223/335 288/1224/335 282/1225/335
f 288/1226/336 290/1227/336 291/1228/336 289/1229/336
f 289/1230/337 291/1231/337 283/1232/337
f 292/1233/338 290/1234/338 282/1235/338
f 290/1236/339 292/1237/339 293/1238/339 291/1239/339
f 291/1240/340 293/1241/340 283/1242/340
f 294/1243/341 292/1244/341 282/1245/341
f 292/1246/342 294/1247/342 295/1248/342 293/1249/342
f 293/1250/343 295/1251/343 283/1252/343
f 296/1253/344 294/1254/344 282/1255/344
f 294/1256/345 296/1257/345 297/1258/345 295/1259/345
f 295/1260/346 297/1261/346 283/1262/346
f 298/1263/347 296/1264/347 282/1265/347
f 296/1266/348 298/1267/348 299/1268/348 297/1269/348
f 297/1270/349 299/1271/349 283/1272/349
f 284/1273/350 298/1274/350 282/1275/350
f 298/1276/351 284/1277/351 285/1278/351 299/1279/351
f 299/1280/352 285/1281/352 283/1282/352
o cylinder
v 0 0.53125 0
v 0 0.54375 0
v 0.006471875 0.53125 0.015625
v 0.006471875 0.54375 0.015625
v 0.015625 0.53125 0.006471875
v 0.015625 0.54375 0.006471875
v 0.015625 0.53125 -0.006471875
v 0.015625 0.54375 -0.006471875
v 0.006471875 0.53125 -0.015625
v 0.006471875 0.54375 -0.015625
v -0.006471875 0.53125 -0.015625
v -0.006471875 0.54375 -0.015625
v -0.015625 0.53125 -0.006471875
v -0.015625 0.54375 -0.006471875
v -0.015625 0.53125 0.006471875
v -0.015625 0.54375 0.006471875
v -0.006471875 0.53125 0.015625
v -0.006471875 0.54375 0.015625
vt 0.0338275 0.97608875
vt 0.0239275 1
vt 0 0.97608875
vt 0 0.975
vt 0.0259 0.975
vt 0.0259 1
vt 0 1
vt 0 0.9661725
vt 0.02391125 0.9760725
vt 0 1
vt 0.03125 0.9741
vt 0.03125 1
vt 0 0.98705
vt 0 0.975
vt 0.0259 0.975
vt 0.0259 1
vt 0 1
vt 0.03125 0.9741
vt 0.03125 1
vt 0 0.98705
vt 0 0.9661725
vt 0.02391125 0.9760725
vt 0 1
vt 0 0.975
vt 0.0259 0.975
vt 0.0259 1
vt 0 1
vt 0.0338275 0.97608875
vt 0.0239275 1
vt 0 0.97608875
vt 0 0.96875
vt 0.0259 0.96875
vt 0.01295 1
vt 0 0.975
vt 0.0259 0.975
vt 0.0259 1
vt 0 1
vt 0.0259 1
vt 0 1
vt 0.01295 0.96875
vt 0 1
vt 0.0099 0.97608875
vt 0.0338275 1
vt 0 0.975
vt 0.0259 0.975
vt 0.0259 1
vt 0 1
vt 0.02391125 1
vt 0 0.9901
vt 0.02391125 0.9661725
vt 0 1
vt 0 0.9741
vt 0.03125 0.98705
vt 0 0.975
vt 0.0259 0.975
vt 0.0259 1
vt 0 1
vt 0 1
vt 0 0.9741
vt 0.03125 0.98705
vt 0.02391125 1
vt 0 0.9901
vt 0.02391125 0.9661725
vt 0 0.975
vt 0.0259 0.975
vt 0.0259 1
vt 0 1
vt 0 1
vt 0.0099 0.97608875
vt 0.0338275 1
vt 0.0259 1
vt 0 1
vt 0.01295 0.96875
vt 0 0.975
vt 0.0259 0.975
vt 0.0259 1
vt 0 1
vt 0 0.96875
vt 0.0259 0.96875
vt 0.01295 1
vn 0 -1 0
vn 0.7071067811865476 0 0.7071067811865476
vn 0 1 0
vn 0 -1 0
vn 1 0 0
vn 0 1 0
vn 0 -1 0
vn 0.7071067811865476 0 -0.7071067811865476
vn 0 1 0
vn 0 -1 0
vn 0 0 -1
vn 0 1 0
vn 0 -1 0
vn -0.7071067811865476 0 -0.7071067811865476
vn 0 1 0
vn 0 -1 0
vn -1 0 0
vn 0 1 0
vn 0 -1 0
vn -0.7071067811865476 0 0.7071067811865476
vn 0 1 0
vn 0 -1 0
vn 0 0 1
vn 0 1 0
usemtl m_09db43be-f934-6b4c-132a-e50cc4a28073
f 304/1283/353 302/1284/353 300/1285/353
f 302/1286/354 304/1287/354 305/1288/354 303/1289/354
f 303/1290/355 305/1291/355 301/1292/355
f 306/1293/356 304/1294/356 300/1295/356
f 304/1296/357 306/1297/357 307/1298/357 305/1299/357
f 305/1300/358 307/1301/358 301/1302/358
f 308/1303/359 306/1304/359 300/1305/359
f 306/1306/360 308/1307/360 309/1308/360 307/1309/360
f 307/1310/361 309/1311/361 301/1312/361
f 310/1313/362 308/1314/362 300/1315/362
f 308/1316/363 310/1317/363 311/1318/363 309/1319/363
f 309/1320/364 311/1321/364 301/1322/364
f 312/1323/365 310/1324/365 300/1325/365
f 310/1326/366 312/1327/366 313/1328/366 311/1329/366
f 311/1330/367 313/1331/367 301/1332/367
f 314/1333/368 312/1334/368 300/1335/368
f 312/1336/369 314/1337/369 315/1338/369 313/1339/369
f 313/1340/370 315/1341/370 301/1342/370
f 316/1343/371 314/1344/371 300/1345/371
f 314/1346/372 316/1347/372 317/1348/372 315/1349/372
f 315/1350/373 317/1351/373 301/1352/373
f 302/1353/374 316/1354/374 300/1355/374
f 316/1356/375 302/1357/375 303/1358/375 317/1359/375
f 317/1360/376 303/1361/376 301/1362/376
o cylinder
v 0 0.4453125 0
v 0 0.4515625 0
v 0.006471875 0.4453125 0.015625
v 0.006471875 0.4515625 0.015625
v 0.015625 0.4453125 0.006471875
v 0.015625 0.4515625 0.006471875
v 0.015625 0.4453125 -0.006471875
v 0.015625 0.4515625 -0.006471875
v 0.006471875 0.4453125 -0.015625
v 0.006471875 0.4515625 -0.015625
v -0.006471875 0.4453125 -0.015625
v -0.006471875 0.4515625 -0.015625
v -0.015625 0.4453125 -0.006471875
v -0.015625 0.4515625 -0.006471875
v -0.015625 0.4453125 0.006471875
v -0.015625 0.4515625 0.006471875
v -0.006471875 0.4453125 0.015625
v -0.006471875 0.4515625 0.015625
vt 0.0338275 0.97608875
vt 0.0239275 1
vt 0 0.97608875
vt 0 0.9875
vt 0.0259 0.9875
vt 0.0259 1
vt 0 1
vt 0 0.9661725
vt 0.02391125 0.9760725
vt 0 1
vt 0.03125 0.9741
vt 0.03125 1
vt 0 0.98705
vt 0 0.9875
vt 0.0259 0.9875
vt 0.0259 1
vt 0 1
vt 0.03125 0.9741
vt 0.03125 1
vt 0 0.98705
vt 0 0.9661725
vt 0.02391125 0.9760725
vt 0 1
vt 0 0.9875
vt 0.0259 0.9875
vt 0.0259 1
vt 0 1
vt 0.0338275 0.97608875
vt 0.0239275 1
vt 0 0.97608875
vt 0 0.96875
vt 0.0259 0.96875
vt 0.01295 1
vt 0 0.9875
vt 0.0259 0.9875
vt 0.0259 1
vt 0 1
vt 0.0259 1
vt 0 1
vt 0.01295 0.96875
vt 0 1
vt 0.0099 0.97608875
vt 0.0338275 1
vt 0 0.9875
vt 0.0259 0.9875
vt 0.0259 1
vt 0 1
vt 0.02391125 1
vt 0 0.9901
vt 0.02391125 0.9661725
vt 0 1
vt 0 0.9741
vt 0.03125 0.98705
vt 0 0.9875
vt 0.0259 0.9875
vt 0.0259 1
vt 0 1
vt 0 1
vt 0 0.9741
vt 0.03125 0.98705
vt 0.02391125 1
vt 0 0.9901
vt 0.02391125 0.9661725
vt 0 0.9875
vt 0.0259 0.9875
vt 0.0259 1
vt 0 1
vt 0 1
vt 0.0099 0.97608875
vt 0.0338275 1
vt 0.0259 1
vt 0 1
vt 0.01295 0.96875
vt 0 0.9875
vt 0.0259 0.9875
vt 0.0259 1
vt 0 1
vt 0 0.96875
vt 0.0259 0.96875
vt 0.01295 1
vn 0 -1 0
vn 0.7071067811865476 0 0.7071067811865476
vn 0 1 0
vn 0 -1 0
vn 1 0 0
vn 0 1 0
vn 0 -1 0
vn 0.7071067811865476 0 -0.7071067811865476
vn 0 1 0
vn 0 -1 0
vn 0 0 -1
vn 0 1 0
vn 0 -1 0
vn -0.7071067811865476 0 -0.7071067811865476
vn 0 1 0
vn 0 -1 0
vn -1 0 0
vn 0 1 0
vn 0 -1 0
vn -0.7071067811865476 0 0.7071067811865476
vn 0 1 0
vn 0 -1 0
vn 0 0 1
vn 0 1 0
usemtl m_09db43be-f934-6b4c-132a-e50cc4a28073
f 322/1363/377 320/1364/377 318/1365/377
f 320/1366/378 322/1367/378 323/1368/378 321/1369/378
f 321/1370/379 323/1371/379 319/1372/379
f 324/1373/380 322/1374/380 318/1375/380
f 322/1376/381 324/1377/381 325/1378/381 323/1379/381
f 323/1380/382 325/1381/382 319/1382/382
f 326/1383/383 324/1384/383 318/1385/383
f 324/1386/384 326/1387/384 327/1388/384 325/1389/384
f 325/1390/385 327/1391/385 319/1392/385
f 328/1393/386 326/1394/386 318/1395/386
f 326/1396/387 328/1397/387 329/1398/387 327/1399/387
f 327/1400/388 329/1401/388 319/1402/388
f 330/1403/389 328/1404/389 318/1405/389
f 328/1406/390 330/1407/390 331/1408/390 329/1409/390
f 329/1410/391 331/1411/391 319/1412/391
f 332/1413/392 330/1414/392 318/1415/392
f 330/1416/393 332/1417/393 333/1418/393 331/1419/393
f 331/1420/394 333/1421/394 319/1422/394
f 334/1423/395 332/1424/395 318/1425/395
f 332/1426/396 334/1427/396 335/1428/396 333/1429/396
f 333/1430/397 335/1431/397 319/1432/397
f 320/1433/398 334/1434/398 318/1435/398
f 334/1436/399 320/1437/399 321/1438/399 335/1439/399
f 335/1440/400 321/1441/400 319/1442/400
o cylinder
v -0.03125 0.375 0
v -0.03125 0.4375 0
v -0.029955625 0.375 0.003125
v -0.029955625 0.4375 0.003125
v -0.028125 0.375 0.001294375
v -0.028125 0.4375 0.001294375
v -0.028125 0.375 -0.001294375
v -0.028125 0.4375 -0.001294375
v -0.029955625 0.375 -0.003125
v -0.029955625 0.4375 -0.003125
v -0.032544375 0.375 -0.003125
v -0.032544375 0.4375 -0.003125
v -0.034375 0.375 -0.001294375
v -0.034375 0.4375 -0.001294375
v -0.034375 0.375 0.001294375
v -0.034375 0.4375 0.001294375
v -0.032544375 0.375 0.003125
v -0.032544375 0.4375 0.003125
v -0.0203125 0.4140625 0.001294375
v -0.022143125 0.4140625 0.003125
v -0.024731875 0.4140625 0.003125
v -0.0265625 0.4140625 0.001294375
v -0.0265625 0.4140625 -0.001294375
v -0.024731875 0.4140625 -0.003125
v -0.022143125 0.4140625 -0.003125
v -0.0203125 0.4140625 -0.001294375
vt 0.2875 0.19633750000000005
vt 0.2838375 0.19999999999999996
vt 0.28125 0.19374999999999998
vt 0.296275 0.5645625000000001
vt 0.307325 0.5164
vt 0.3125 0.5164
vt 0.30145 0.5645625000000001
vt 0.7838375 0.6125
vt 0.7875 0.6161625
vt 0.78125 0.61875
vt 0.2875 0.1911625
vt 0.2875 0.19633750000000005
vt 0.28125 0.19374999999999998
vt 0.7786625 0.9415875
vt 0.7786625 0.8921749999999999
vt 0.7838375 0.8921749999999999
vt 0.7838375 0.9415875
vt 0.7875 0.6161625
vt 0.7875 0.6213375
vt 0.78125 0.61875
vt 0.2838375 0.1875
vt 0.2875 0.1911625
vt 0.28125 0.19374999999999998
vt 0.26105 0.9395625
vt 0.25 0.8914
vt 0.255175 0.8914
vt 0.266225 0.9395625
vt 0.7875 0.6213375
vt 0.7838375 0.625
vt 0.78125 0.61875
vt 0.2786625 0.1875
vt 0.2838375 0.1875
vt 0.28125 0.19374999999999998
vt 0.036475 0.75
vt 0.02085 0.703125
vt 0.026025 0.703125
vt 0.04165 0.75
vt 0.7838375 0.625
vt 0.7786625 0.625
vt 0.78125 0.61875
vt 0.275 0.1911625
vt 0.2786625 0.1875
vt 0.28125 0.19374999999999998
vt 0.557325 1
vt 0.546275 0.9518375
vt 0.55145 0.9518375
vt 0.5625 1
vt 0.7786625 0.625
vt 0.775 0.6213375
vt 0.78125 0.61875
vt 0.275 0.19633750000000005
vt 0.275 0.1911625
vt 0.28125 0.19374999999999998
vt 0.5286625 0.625
vt 0.5286625 0.5755874999999999
vt 0.5338375 0.5755874999999999
vt 0.5338375 0.625
vt 0.775 0.6213375
vt 0.775 0.6161625
vt 0.78125 0.61875
vt 0.2786625 0.19999999999999996
vt 0.275 0.19633750000000005
vt 0.28125 0.19374999999999998
vt 0 0.5
vt 0.01105 0.4518375
vt 0.016225 0.4518375
vt 0.005175 0.5
vt 0.775 0.6161625
vt 0.7786625 0.6125
vt 0.78125 0.61875
vt 0.2838375 0.19999999999999996
vt 0.2786625 0.19999999999999996
vt 0.28125 0.19374999999999998
vt 0.02085 1
vt 0.036475 0.953125
vt 0.04165 0.953125
vt 0.026025 1
vt 0.7786625 0.6125
vt 0.7838375 0.6125
vt 0.78125 0.61875
vt 0.30145 0.4375
vt 0.3125 0.5164
vt 0.307325 0.5164
vt 0.296275 0.4375
vt 0.026025 0.875
vt 0.04165 0.953125
vt 0.036475 0.953125
vt 0.02085 0.875
vt 0.005175 0.37293750000000003
vt 0.016225 0.4518375
vt 0.01105 0.4518375
vt 0 0.37293750000000003
vt 0.5338375 0.4959125
vt 0.5338375 0.5755874999999999
vt 0.5286625 0.5755874999999999
vt 0.5286625 0.4959125
vt 0.5625 0.8729375
vt 0.55145 0.9518375
vt 0.546275 0.9518375
vt 0.557325 0.8729375
vt 0.04165 0.625
vt 0.026025 0.703125
vt 0.02085 0.703125
vt 0.036475 0.625
vt 0.266225 0.8125
vt 0.255175 0.8914
vt 0.25 0.8914
vt 0.26105 0.8125
vt 0.7838375 0.8125
vt 0.7838375 0.8921749999999999
vt 0.7786625 0.8921749999999999
vt 0.7786625 0.8125
vn 0 -1 0
vn 0.6882472016116855 0.22941573387056183 0.6882472016116851
vn 0 1 0
vn 0 -1 0
vn 0.9486832980505139 0.31622776601683794 0
vn 0 1 0
vn 0 -1 0
vn 0.6882472016116855 0.2294157338705618 -0.6882472016116851
vn 0 1 0
vn 0 -1 0
vn 0 0 -1
vn 0 1 0
vn 0 -1 0
vn -0.6882472016116853 -0.22941573387056177 -0.6882472016116853
vn 0 1 0
vn 0 -1 0
vn -0.9486832980505139 -0.31622776601683794 0
vn 0 1 0
vn 0 -1 0
vn -0.6882472016116855 -0.22941573387056183 0.6882472016116851
vn 0 1 0
vn 0 -1 0
vn 0 0 1
vn 0 1 0
vn 0.7001400420140054 -0.14002800840280105 0.7001400420140045
vn 0 0 1
vn -0.7001400420140048 0.14002800840280094 0.700140042014005
vn -0.9805806756909203 0.19611613513818407 0
vn -0.700140042014005 0.140028008402801 -0.7001400420140048
vn 0 0 -1
vn 0.700140042014005 -0.140028008402801 -0.7001400420140048
vn 0.9805806756909203 -0.19611613513818404 0
usemtl m_09db43be-f934-6b4c-132a-e50cc4a28073
f 340/1443/401 338/1444/401 336/1445/401
f 339/1446/402 355/1447/402 354/1448/402 341/1449/402
f 339/1450/403 341/1451/403 337/1452/403
f 342/1453/404 340/1454/404 336/1455/404
f 341/1456/405 354/1457/405 361/1458/405 343/1459/405
f 341/1460/406 343/1461/406 337/1462/406
f 344/1463/407 342/1464/407 336/1465/407
f 343/1466/408 361/1467/408 360/1468/408 345/1469/408
f 343/1470/409 345/1471/409 337/1472/409
f 346/1473/410 344/1474/410 336/1475/410
f 345/1476/411 360/1477/411 359/1478/411 347/1479/411
f 345/1480/412 347/1481/412 337/1482/412
f 348/1483/413 346/1484/413 336/1485/413
f 347/1486/414 359/1487/414 358/1488/414 349/1489/414
f 347/1490/415 349/1491/415 337/1492/415
f 350/1493/416 348/1494/416 336/1495/416
f 349/1496/417 358/1497/417 357/1498/417 351/1499/417
f 349/1500/418 351/1501/418 337/1502/418
f 352/1503/419 350/1504/419 336/1505/419
f 351/1506/420 357/1507/420 356/1508/420 353/1509/420
f 351/1510/421 353/1511/421 337/1512/421
f 338/1513/422 352/1514/422 336/1515/422
f 353/1516/423 356/1517/423 355/1518/423 339/1519/423
f 353/1520/424 339/1521/424 337/1522/424
f 340/1523/425 354/1524/425 355/1525/425 338/1526/425
f 338/1527/426 355/1528/426 356/1529/426 352/1530/426
f 352/1531/427 356/1532/427 357/1533/427 350/1534/427
f 350/1535/428 357/1536/428 358/1537/428 348/1538/428
f 348/1539/429 358/1540/429 359/1541/429 346/1542/429
f 346/1543/430 359/1544/430 360/1545/430 344/1546/430
f 344/1547/431 360/1548/431 361/1549/431 342/1550/431
f 342/1551/432 361/1552/432 354/1553/432 340/1554/432
o cylinder
v 0.03125 0.375 0
v 0.03125 0.4375 0
v 0.029955625 0.375 -0.003125
v 0.029955625 0.4375 -0.003125
v 0.028125 0.375 -0.0012943749999999995
v 0.028125 0.4375 -0.0012943749999999995
v 0.028125 0.375 0.0012943750000000004
v 0.028125 0.4375 0.0012943750000000004
v 0.029955625 0.375 0.003125
v 0.029955625 0.4375 0.003125
v 0.032544375 0.375 0.003125
v 0.032544375 0.4375 0.003125
v 0.034375 0.375 0.0012943749999999995
v 0.034375 0.4375 0.0012943749999999995
v 0.034375 0.375 -0.0012943750000000004
v 0.034375 0.4375 -0.0012943750000000004
v 0.032544375 0.375 -0.003125
v 0.032544375 0.4375 -0.003125
v 0.0203125 0.4140625 -0.0012943749999999987
v 0.022143125 0.4140625 -0.003124999999999999
v 0.024731875 0.4140625 -0.0031249999999999993
v 0.0265625 0.4140625 -0.0012943749999999993
v 0.0265625 0.4140625 0.0012943750000000006
v 0.024731875 0.4140625 0.003125000000000001
v 0.022143125 0.4140625 0.0031250000000000015
v 0.0203125 0.4140625 0.0012943750000000013
vt 0.006765 0.995215
vt 0.00478125 1
vt 0 0.995215
vt 0 1
vt 0 0.96875
vt 0.005175 0.96875
vt 0.005175 1
vt 0 0.993235
vt 0.004785 0.99521875
vt 0 1
vt 0.00625 0.994825
vt 0.00625 1
vt 0 0.9974125
vt 0 1
vt 0 0.96875
vt 0.005175 0.96875
vt 0.005175 1
vt 0.00625 0.994825
vt 0.00625 1
vt 0 0.9974125
vt 0 0.993235
vt 0.004785 0.99521875
vt 0 1
vt 0 1
vt 0 0.96875
vt 0.005175 0.96875
vt 0.005175 1
vt 0.006765 0.995215
vt 0.00478125 1
vt 0 0.995215
vt 0 0.99375
vt 0.005175 0.99375
vt 0.0025875 1
vt 0 1
vt 0 0.96875
vt 0.005175 0.96875
vt 0.005175 1
vt 0.005175 1
vt 0 1
vt 0.0025875 0.99375
vt 0 1
vt 0.0019825 0.995215
vt 0.006765 1
vt 0 1
vt 0 0.96875
vt 0.005175 0.96875
vt 0.005175 1
vt 0.004785 1
vt 0 0.9980175
vt 0.004785 0.993235
vt 0 1
vt 0 0.994825
vt 0.00625 0.9974125
vt 0 1
vt 0 0.96875
vt 0.005175 0.96875
vt 0.005175 1
vt 0 1
vt 0 0.994825
vt 0.00625 0.9974125
vt 0.004785 1
vt 0 0.9980175
vt 0.004785 0.993235
vt 0 1
vt 0 0.96875
vt 0.005175 0.96875
vt 0.005175 1
vt 0 1
vt 0.0019825 0.995215
vt 0.006765 1
vt 0.005175 1
vt 0 1
vt 0.0025875 0.99375
vt 0 1
vt 0 0.96875
vt 0.005175 0.96875
vt 0.005175 1
vt 0 0.99375
vt 0.005175 0.99375
vt 0.0025875 1
vt 0.005175 0.9375
vt 0.005175 0.96875
vt 0 0.96875
vt 0 0.9375
vt 0.005175 0.9375
vt 0.005175 0.96875
vt 0 0.96875
vt 0 0.9375
vt 0.005175 0.9375
vt 0.005175 0.96875
vt 0 0.96875
vt 0 0.9375
vt 0.005175 0.9375
vt 0.005175 0.96875
vt 0 0.96875
vt 0 0.9375
vt 0.005175 0.9375
vt 0.005175 0.96875
vt 0 0.96875
vt 0 0.9375
vt 0.005175 0.9375
vt 0.005175 0.96875
vt 0 0.96875
vt 0 0.9375
vt 0.005175 0.9375
vt 0.005175 0.96875
vt 0 0.96875
vt 0 0.9375
vt 0.005175 0.9375
vt 0.005175 0.96875
vt 0 0.96875
vt 0 0.9375
vn 0 -1 0
vn -0.6882472016116856 0.22941573387056183 -0.688247201611685
vn 0 1 0
vn 0 -1 0
vn -0.9486832980505139 0.31622776601683794 1.1618019643621164e-16
vn 0 1 0
vn 0 -1 0
vn -0.6882472016116855 0.22941573387056186 0.6882472016116853
vn 0 1 0
vn 0 -1 0
vn 1.2246467991473532e-16 0 1
vn 0 1 0
vn 0 -1 0
vn 0.6882472016116854 -0.22941573387056177 0.6882472016116852
vn 0 1 0
vn 0 -1 0
vn 0.9486832980505139 -0.31622776601683794 -1.1618019643621164e-16
vn 0 1 0
vn 0 -1 0
vn 0.6882472016116855 -0.22941573387056188 -0.6882472016116853
vn 0 1 0
vn 0 -1 0
vn -1.2246467991473532e-16 0 -1
vn 0 1 0
vn -0.7001400420140055 -0.14002800840280105 -0.7001400420140044
vn -1.2246467991473532e-16 0 -1
vn 0.7001400420140047 0.14002800840280094 -0.7001400420140051
vn 0.9805806756909203 0.19611613513818407 -1.2008649857906344e-16
vn 0.7001400420140051 0.140028008402801 0.7001400420140047
vn 1.2246467991473532e-16 0 1
vn -0.7001400420140049 -0.140028008402801 0.7001400420140049
vn -0.9805806756909203 -0.19611613513818404 1.2008649857906344e-16
usemtl m_09db43be-f934-6b4c-132a-e50cc4a28073
f 366/1555/433 364/1556/433 362/1557/433
f 365/1558/434 381/1559/434 380/1560/434 367/1561/434
f 365/1562/435 367/1563/435 363/1564/435
f 368/1565/436 366/1566/436 362/1567/436
f 367/1568/437 380/1569/437 387/1570/437 369/1571/437
f 367/1572/438 369/1573/438 363/1574/438
f 370/1575/439 368/1576/439 362/1577/439
f 369/1578/440 387/1579/440 386/1580/440 371/1581/440
f 369/1582/441 371/1583/441 363/1584/441
f 372/1585/442 370/1586/442 362/1587/442
f 371/1588/443 386/1589/443 385/1590/443 373/1591/443
f 371/1592/444 373/1593/444 363/1594/444
f 374/1595/445 372/1596/445 362/1597/445
f 373/1598/446 385/1599/446 384/1600/446 375/1601/446
f 373/1602/447 375/1603/447 363/1604/447
f 376/1605/448 374/1606/448 362/1607/448
f 375/1608/449 384/1609/449 383/1610/449 377/1611/449
f 375/1612/450 377/1613/450 363/1614/450
f 378/1615/451 376/1616/451 362/1617/451
f 377/1618/452 383/1619/452 382/1620/452 379/1621/452
f 377/1622/453 379/1623/453 363/1624/453
f 364/1625/454 378/1626/454 362/1627/454
f 379/1628/455 382/1629/455 381/1630/455 365/1631/455
f 379/1632/456 365/1633/456 363/1634/456
f 366/1635/457 380/1636/457 381/1637/457 364/1638/457
f 364/1639/458 381/1640/458 382/1641/458 378/1642/458
f 378/1643/459 382/1644/459 383/1645/459 376/1646/459
f 376/1647/460 383/1648/460 384/1649/460 374/1650/460
f 374/1651/461 384/1652/461 385/1653/461 372/1654/461
f 372/1655/462 385/1656/462 386/1657/462 370/1658/462
f 370/1659/463 386/1660/463 387/1661/463 368/1662/463
f 368/1663/464 387/1664/464 380/1665/464 366/1666/464
o sphere
v 0 0.538975 0
v 0 0.554775 0
v 0.001058125 0.553716875 0.00395
v 0.001833125 0.550825 0.006841875
v 0.002116875 0.546875 0.0079
v 0.001833125 0.542925 0.006841875
v 0.001058125 0.540033125 0.00395
v 0.002891875 0.553716875 0.002891875
v 0.005008125 0.550825 0.005008125
v 0.005783125 0.546875 0.005783125
v 0.005008125 0.542925 0.005008125
v 0.002891875 0.540033125 0.002891875
v 0.00395 0.553716875 0.001058125
v 0.006841875 0.550825 0.001833125
v 0.0079 0.546875 0.002116875
v 0.006841875 0.542925 0.001833125
v 0.00395 0.540033125 0.001058125
v 0.00395 0.553716875 -0.001058125
v 0.006841875 0.550825 -0.001833125
v 0.0079 0.546875 -0.002116875
v 0.006841875 0.542925 -0.001833125
v 0.00395 0.540033125 -0.001058125
v 0.002891875 0.553716875 -0.002891875
v 0.005008125 0.550825 -0.005008125
v 0.005783125 0.546875 -0.005783125
v 0.005008125 0.542925 -0.005008125
v 0.002891875 0.540033125 -0.002891875
v 0.001058125 0.553716875 -0.00395
v 0.001833125 0.550825 -0.006841875
v 0.002116875 0.546875 -0.0079
v 0.001833125 0.542925 -0.006841875
v 0.001058125 0.540033125 -0.00395
v -0.001058125 0.553716875 -0.00395
v -0.001833125 0.550825 -0.006841875
v -0.002116875 0.546875 -0.0079
v -0.001833125 0.542925 -0.006841875
v -0.001058125 0.540033125 -0.00395
v -0.002891875 0.553716875 -0.002891875
v -0.005008125 0.550825 -0.005008125
v -0.005783125 0.546875 -0.005783125
v -0.005008125 0.542925 -0.005008125
v -0.002891875 0.540033125 -0.002891875
v -0.00395 0.553716875 -0.001058125
v -0.006841875 0.550825 -0.001833125
v -0.0079 0.546875 -0.002116875
v -0.006841875 0.542925 -0.001833125
v -0.00395 0.540033125 -0.001058125
v -0.00395 0.553716875 0.001058125
v -0.006841875 0.550825 0.001833125
v -0.0079 0.546875 0.002116875
v -0.006841875 0.542925 0.001833125
v -0.00395 0.540033125 0.001058125
v -0.002891875 0.553716875 0.002891875
v -0.005008125 0.550825 0.005008125
v -0.005783125 0.546875 0.005783125
v -0.005008125 0.542925 0.005008125
v -0.002891875 0.540033125 0.002891875
v -0.001058125 0.553716875 0.00395
v -0.001833125 0.550825 0.006841875
v -0.002116875 0.546875 0.0079
v -0.001833125 0.542925 0.006841875
v -0.001058125 0.540033125 0.00395
vt 0 0.48234999999999995
vt 0.26795 0.48234999999999995
vt 0.133975 1
vt 0.098075 1
vt 0 0.48234999999999995
vt 0.4641 0.48234999999999995
vt 0.366025 1
vt 0.0359 1
vt 0 0.48234999999999995
vt 0.5359 0.48234999999999995
vt 0.5 1
vt 0 1
vt 0.0359 0.48234999999999995
vt 0.5 0.48234999999999995
vt 0.5359 1
vt 0 1
vt 0.098075 0.48234999999999995
vt 0.366025 0.48234999999999995
vt 0.4641 1
vt 0.26795 1
vt 0 1
vt 0.133975 0.48234999999999995
vt 0 0.48234999999999995
vt 0.26795 0.48234999999999995
vt 0.133975 1
vt 0.098075 1
vt 0 0.48234999999999995
vt 0.4641 0.48234999999999995
vt 0.366025 1
vt 0.0359 1
vt 0 0.48234999999999995
vt 0.5359 0.48234999999999995
vt 0.5 1
vt 0 1
vt 0.0359 0.48234999999999995
vt 0.5 0.48234999999999995
vt 0.5359 1
vt 0 1
vt 0.098075 0.48234999999999995
vt 0.366025 0.48234999999999995
vt 0.4641 1
vt 0.26795 1
vt 0 1
vt 0.133975 0.48234999999999995
vt 0 0.48234999999999995
vt 0.26795 0.48234999999999995
vt 0.133975 1
vt 0.098075 1
vt 0 0.48234999999999995
vt 0.4641 0.48234999999999995
vt 0.366025 1
vt 0.0359 1
vt 0 0.48234999999999995
vt 0.5359 0.48234999999999995
vt 0.5 1
vt 0 1
vt 0.0359 0.48234999999999995
vt 0.5 0.48234999999999995
vt 0.5359 1
vt 0 1
vt 0.098075 0.48234999999999995
vt 0.366025 0.48234999999999995
vt 0.4641 1
vt 0.26795 1
vt 0 1
vt 0.133975 0.48234999999999995
vt 0 0.48234999999999995
vt 0.26795 0.48234999999999995
vt 0.133975 1
vt 0.098075 1
vt 0 0.48234999999999995
vt 0.4641 0.48234999999999995
vt 0.366025 1
vt 0.0359 1
vt 0 0.48234999999999995
vt 0.5359 0.48234999999999995
vt 0.5 1
vt 0 1
vt 0.0359 0.48234999999999995
vt 0.5 0.48234999999999995
vt 0.5359 1
vt 0 1
vt 0.098075 0.48234999999999995
vt 0.366025 0.48234999999999995
vt 0.4641 1
vt 0.26795 1
vt 0 1
vt 0.133975 0.48234999999999995
vt 0 0.48234999999999995
vt 0.26795 0.48234999999999995
vt 0.133975 1
vt 0.098075 1
vt 0 0.48234999999999995
vt 0.4641 0.48234999999999995
vt 0.366025 1
vt 0.0359 1
vt 0 0.48234999999999995
vt 0.5359 0.48234999999999995
vt 0.5 1
vt 0 1
vt 0.0359 0.48234999999999995
vt 0.5 0.48234999999999995
vt 0.5359 1
vt 0 1
vt 0.098075 0.48234999999999995
vt 0.366025 0.48234999999999995
vt 0.4641 1
vt 0.26795 1
vt 0 1
vt 0.133975 0.48234999999999995
vt 0 0.48234999999999995
vt 0.26795 0.48234999999999995
vt 0.133975 1
vt 0.098075 1
vt 0 0.48234999999999995
vt 0.4641 0.48234999999999995
vt 0.366025 1
vt 0.0359 1
vt 0 0.48234999999999995
vt 0.5359 0.48234999999999995
vt 0.5 1
vt 0 1
vt 0.0359 0.48234999999999995
vt 0.5 0.48234999999999995
vt 0.5359 1
vt 0 1
vt 0.098075 0.48234999999999995
vt 0.366025 0.48234999999999995
vt 0.4641 1
vt 0.26795 1
vt 0 1
vt 0.133975 0.48234999999999995
vt 0 0.48234999999999995
vt 0.26795 0.48234999999999995
vt 0.133975 1
vt 0.098075 1
vt 0 0.48234999999999995
vt 0.4641 0.48234999999999995
vt 0.366025 1
vt 0.0359 1
vt 0 0.48234999999999995
vt 0.5359 0.48234999999999995
vt 0.5 1
vt 0 1
vt 0.0359 0.48234999999999995
vt 0.5 0.48234999999999995
vt 0.5359 1
vt 0 1
vt 0.098075 0.48234999999999995
vt 0.366025 0.48234999999999995
vt 0.4641 1
vt 0.26795 1
vt 0 1
vt 0.133975 0.48234999999999995
vt 0 0.48234999999999995
vt 0.26795 0.48234999999999995
vt 0.133975 1
vt 0.098075 1
vt 0 0.48234999999999995
vt 0.4641 0.48234999999999995
vt 0.366025 1
vt 0.0359 1
vt 0 0.48234999999999995
vt 0.5359 0.48234999999999995
vt 0.5 1
vt 0 1
vt 0.0359 0.48234999999999995
vt 0.5 0.48234999999999995
vt 0.5359 1
vt 0 1
vt 0.098075 0.48234999999999995
vt 0.366025 0.48234999999999995
vt 0.4641 1
vt 0.26795 1
vt 0 1
vt 0.133975 0.48234999999999995
vt 0 0.48234999999999995
vt 0.26795 0.48234999999999995
vt 0.133975 1
vt 0.098075 1
vt 0 0.48234999999999995
vt 0.4641 0.48234999999999995
vt 0.366025 1
vt 0.0359 1
vt 0 0.48234999999999995
vt 0.5359 0.48234999999999995
vt 0.5 1
vt 0 1
vt 0.0359 0.48234999999999995
vt 0.5 0.48234999999999995
vt 0.5359 1
vt 0 1
vt 0.098075 0.48234999999999995
vt 0.366025 0.48234999999999995
vt 0.4641 1
vt 0.26795 1
vt 0 1
vt 0.133975 0.48234999999999995
vt 0 0.48234999999999995
vt 0.26795 0.48234999999999995
vt 0.133975 1
vt 0.098075 1
vt 0 0.48234999999999995
vt 0.4641 0.48234999999999995
vt 0.366025 1
vt 0.0359 1
vt 0 0.48234999999999995
vt 0.5359 0.48234999999999995
vt 0.5 1
vt 0 1
vt 0.0359 0.48234999999999995
vt 0.5 0.48234999999999995
vt 0.5359 1
vt 0 1
vt 0.098075 0.48234999999999995
vt 0.366025 0.48234999999999995
vt 0.4641 1
vt 0.26795 1
vt 0 1
vt 0.133975 0.48234999999999995
vt 0 0.48234999999999995
vt 0.26795 0.48234999999999995
vt 0.133975 1
vt 0.098075 1
vt 0 0.48234999999999995
vt 0.4641 0.48234999999999995
vt 0.366025 1
vt 0.0359 1
vt 0 0.48234999999999995
vt 0.5359 0.48234999999999995
vt 0.5 1
vt 0 1
vt 0.0359 0.48234999999999995
vt 0.5 0.48234999999999995
vt 0.5359 1
vt 0 1
vt 0.098075 0.48234999999999995
vt 0.366025 0.48234999999999995
vt 0.4641 1
vt 0.26795 1
vt 0 1
vt 0.133975 0.48234999999999995
vt 0 0.48234999999999995
vt 0.26795 0.48234999999999995
vt 0.133975 1
vt 0.098075 1
vt 0 0.48234999999999995
vt 0.4641 0.48234999999999995
vt 0.366025 1
vt 0.0359 1
vt 0 0.48234999999999995
vt 0.5359 0.48234999999999995
vt 0.5 1
vt 0 1
vt 0.0359 0.48234999999999995
vt 0.5 0.48234999999999995
vt 0.5359 1
vt 0 1
vt 0.098075 0.48234999999999995
vt 0.366025 0.48234999999999995
vt 0.4641 1
vt 0.26795 1
vt 0 1
vt 0.133975 0.48234999999999995
vn 0.12932042049200332 0.9659445374939648 0.2241146566589117
vn 0.3536528842148803 0.707099551944335 0.6123233305424652
vn 0.4829962937093285 0.2587800937108809 0.836509081458199
vn 0.4831001694731055 -0.25877214536725457 0.8364515545069453
vn 0.353390082431769 -0.7071372762395896 0.6124314836708854
vn 0.12932042049200335 -0.9659445374939648 0.22411465665891173
vn 0.22411465665891173 0.9659445374939648 0.12932042049200335
vn 0.6124126233352294 0.7069964190374063 0.3537044560758981
vn 0.8364852218896814 0.2588829108556299 0.4829825173099815
vn 0.8364240071913708 -0.2588908624072821 0.4830842592715513
vn 0.6125861585384583 -0.706958668306483 0.3534793341532415
vn 0.2241146566589117 -0.9659445374939648 0.12932042049200332
vn 0.25875645763904925 0.9659425943761311 0
vn 0.7071067811865476 0.7071067811865476 0
vn 0.9659425943761312 0.2587564576390493 0
vn 0.9659425943761313 -0.25875645763904925 0
vn 0.7071067811865476 -0.7071067811865476 0
vn 0.25875645763904925 -0.9659425943761311 0
vn 0.2241146566589117 0.9659445374939648 -0.12932042049200332
vn 0.6123233305424652 0.707099551944335 -0.3536528842148803
vn 0.836509081458199 0.2587800937108809 -0.4829962937093285
vn 0.8364515545069453 -0.25877214536725457 -0.4831001694731055
vn 0.6124314836708854 -0.7071372762395896 -0.353390082431769
vn 0.22411465665891173 -0.9659445374939648 -0.12932042049200335
vn 0.12932042049200335 0.9659445374939648 -0.22411465665891173
vn 0.3537044560758981 0.7069964190374062 -0.6124126233352294
vn 0.4829825173099815 0.2588829108556299 -0.8364852218896814
vn 0.4830842592715513 -0.2588908624072821 -0.8364240071913708
vn 0.3534793341532415 -0.706958668306483 -0.6125861585384583
vn 0.12932042049200332 -0.9659445374939648 -0.2241146566589117
vn 0 0.9659425943761311 -0.25875645763904925
vn 0 0.7071067811865476 -0.7071067811865476
vn 0 0.2587564576390493 -0.9659425943761312
vn 0 -0.25875645763904925 -0.9659425943761313
vn 0 -0.7071067811865476 -0.7071067811865476
vn 0 -0.9659425943761311 -0.25875645763904925
vn -0.12932042049200332 0.9659445374939648 -0.2241146566589117
vn -0.3536528842148803 0.707099551944335 -0.6123233305424652
vn -0.4829962937093285 0.2587800937108809 -0.836509081458199
vn -0.4831001694731055 -0.25877214536725457 -0.8364515545069453
vn -0.353390082431769 -0.7071372762395896 -0.6124314836708854
vn -0.12932042049200335 -0.9659445374939648 -0.22411465665891173
vn -0.22411465665891173 0.9659445374939648 -0.12932042049200335
vn -0.6124126233352294 0.7069964190374063 -0.3537044560758981
vn -0.8364852218896814 0.2588829108556299 -0.4829825173099815
vn -0.8364240071913708 -0.2588908624072821 -0.4830842592715513
vn -0.6125861585384583 -0.706958668306483 -0.3534793341532415
vn -0.2241146566589117 -0.9659445374939648 -0.12932042049200332
vn -0.25875645763904925 0.9659425943761311 0
vn -0.7071067811865476 0.7071067811865476 0
vn -0.9659425943761312 0.2587564576390493 0
vn -0.9659425943761313 -0.25875645763904925 0
vn -0.7071067811865476 -0.7071067811865476 0
vn -0.25875645763904925 -0.9659425943761311 0
vn -0.2241146566589117 0.9659445374939648 0.12932042049200332
vn -0.6123233305424652 0.707099551944335 0.3536528842148803
vn -0.836509081458199 0.2587800937108809 0.4829962937093285
vn -0.8364515545069453 -0.25877214536725457 0.4831001694731055
vn -0.6124314836708854 -0.7071372762395896 0.353390082431769
vn -0.22411465665891173 -0.9659445374939648 0.12932042049200335
vn -0.12932042049200335 0.9659445374939648 0.22411465665891173
vn -0.3537044560758981 0.7069964190374062 0.6124126233352294
vn -0.4829825173099815 0.2588829108556299 0.8364852218896814
vn -0.4830842592715513 -0.2588908624072821 0.8364240071913708
vn -0.3534793341532415 -0.706958668306483 0.6125861585384583
vn -0.12932042049200332 -0.9659445374939648 0.2241146566589117
vn 0 0.9659425943761311 0.25875645763904925
vn 0 0.7071067811865476 0.7071067811865476
vn 0 0.2587564576390493 0.9659425943761312
vn 0 -0.25875645763904925 0.9659425943761313
vn 0 -0.7071067811865476 0.7071067811865476
vn 0 -0.9659425943761311 0.25875645763904925
usemtl m_450da42b-caa7-0ed3-aa92-23a794ce10cf
f 390/1667/465 395/1668/465 389/1669/465
f 390/1670/466 391/1671/466 396/1672/466 395/1673/466
f 391/1674/467 392/1675/467 397/1676/467 396/1677/467
f 392/1678/468 393/1679/468 398/1680/468 397/1681/468
f 393/1682/469 394/1683/469 399/1684/469 398/1685/469
f 399/1686/470 394/1687/470 388/1688/470
f 395/1689/471 400/1690/471 389/1691/471
f 395/1692/472 396/1693/472 401/1694/472 400/1695/472
f 396/1696/473 397/1697/473 402/1698/473 401/1699/473
f 397/1700/474 398/1701/474 403/1702/474 402/1703/474
f 398/1704/475 399/1705/475 404/1706/475 403/1707/475
f 404/1708/476 399/1709/476 388/1710/476
f 400/1711/477 405/1712/477 389/1713/477
f 400/1714/478 401/1715/478 406/1716/478 405/1717/478
f 401/1718/479 402/1719/479 407/1720/479 406/1721/479
f 402/1722/480 403/1723/480 408/1724/480 407/1725/480
f 403/1726/481 404/1727/481 409/1728/481 408/1729/481
f 409/1730/482 404/1731/482 388/1732/482
f 405/1733/483 410/1734/483 389/1735/483
f 405/1736/484 406/1737/484 411/1738/484 410/1739/484
f 406/1740/485 407/1741/485 412/1742/485 411/1743/485
f 407/1744/486 408/1745/486 413/1746/486 412/1747/486
f 408/1748/487 409/1749/487 414/1750/487 413/1751/487
f 414/1752/488 409/1753/488 388/1754/488
f 410/1755/489 415/1756/489 389/1757/489
f 410/1758/490 411/1759/490 416/1760/490 415/1761/490
f 411/1762/491 412/1763/491 417/1764/491 416/1765/491
f 412/1766/492 413/1767/492 418/1768/492 417/1769/492
f 413/1770/493 414/1771/493 419/1772/493 418/1773/493
f 419/1774/494 414/1775/494 388/1776/494
f 415/1777/495 420/1778/495 389/1779/495
f 415/1780/496 416/1781/496 421/1782/496 420/1783/496
f 416/1784/497 417/1785/497 422/1786/497 421/1787/497
f 417/1788/498 418/1789/498 423/1790/498 422/1791/498
f 418/1792/499 419/1793/499 424/1794/499 423/1795/499
f 424/1796/500 419/1797/500 388/1798/500
f 420/1799/501 425/1800/501 389/1801/501
f 420/1802/502 421/1803/502 426/1804/502 425/1805/502
f 421/1806/503 422/1807/503 427/1808/503 426/1809/503
f 422/1810/504 423/1811/504 428/1812/504 427/1813/504
f 423/1814/505 424/1815/505 429/1816/505 428/1817/505
f 429/1818/506 424/1819/506 388/1820/506
f 425/1821/507 430/1822/507 389/1823/507
f 425/1824/508 426/1825/508 431/1826/508 430/1827/508
f 426/1828/509 427/1829/509 432/1830/509 431/1831/509
f 427/1832/510 428/1833/510 433/1834/510 432/1835/510
f 428/1836/511 429/1837/511 434/1838/511 433/1839/511
f 434/1840/512 429/1841/512 388/1842/512
f 430/1843/513 435/1844/513 389/1845/513
f 430/1846/514 431/1847/514 436/1848/514 435/1849/514
f 431/1850/515 432/1851/515 437/1852/515 436/1853/515
f 432/1854/516 433/1855/516 438/1856/516 437/1857/516
f 433/1858/517 434/1859/517 439/1860/517 438/1861/517
f 439/1862/518 434/1863/518 388/1864/518
f 435/1865/519 440/1866/519 389/1867/519
f 435/1868/520 436/1869/520 441/1870/520 440/1871/520
f 436/1872/521 437/1873/521 442/1874/521 441/1875/521
f 437/1876/522 438/1877/522 443/1878/522 442/1879/522
f 438/1880/523 439/1881/523 444/1882/523 443/1883/523
f 444/1884/524 439/1885/524 388/1886/524
f 440/1887/525 445/1888/525 389/1889/525
f 440/1890/526 441/1891/526 446/1892/526 445/1893/526
f 441/1894/527 442/1895/527 447/1896/527 446/1897/527
f 442/1898/528 443/1899/528 448/1900/528 447/1901/528
f 443/1902/529 444/1903/529 449/1904/529 448/1905/529
f 449/1906/530 444/1907/530 388/1908/530
f 445/1909/531 390/1910/531 389/1911/531
f 445/1912/532 446/1913/532 391/1914/532 390/1915/532
f 446/1916/533 447/1917/533 392/1918/533 391/1919/533
f 447/1920/534 448/1921/534 393/1922/534 392/1923/534
f 448/1924/535 449/1925/535 394/1926/535 393/1927/535
f 394/1928/536 449/1929/536 388/1930/536